Air_temperature_causal,Soil_temperature_causal,VPD_causal,SWC_causal,Precipation_causal,SOC_0_causal,SOC_10_causal,SOC_30_causal,LAI_causal,BS_causal,PV_causal,NPV_causal,CI_causal
21.754313,0.16114081,-2.5742593,-5.9904475,-2.1436203,-3.7660232,-3.9467795,0.0,-2.4954236,2.1970208,-10.245328,0.0,-10.80082
-53.805695,-0.26221877,-3.906716,-6.2400436,0.48091373,-0.9786408,-1.1525358,0.0,-4.8156376,5.0456214,-6.9068832,0.0,-3.9638708
-43.850357,-0.33905864,-0.97583723,-7.9314747,0.97403365,-1.4529495,-1.4058264,0.0,-4.531983,0.42620307,-12.058223,0.0,-2.8088627
26.170975,0.16018282,1.1707265,-2.7868388,-2.062488,-3.311423,-4.2678275,0.0,-1.0159229,3.4396534,-6.4885087,0.0,-8.42965
-53.988434,-0.09089172,-2.5952384,-8.097667,2.3750293,-1.2906501,-1.2336627,0.0,-4.760196,0.50045085,-5.179846,0.0,-4.491959
15.6664,0.23917013,-0.57068807,-3.673117,-0.6432531,-2.2720604,-1.208869,0.0,4.0204053,1.9481323,-3.7033365,0.0,-6.542351
-34.763256,-0.26221877,-1.2792759,-4.344796,0.21725361,-1.2206929,-1.1272752,0.0,-3.2442582,3.4993038,-5.1944366,0.0,-1.4343045
-52.450428,-0.26221877,-3.96553,-6.8320284,-0.7205208,-1.0954688,-1.1884989,0.0,-5.3126907,0.135075,-7.9427876,0.0,-3.8774657
-53.08245,-0.033496544,-1.6895598,-8.982236,0.18205255,-1.026095,-1.3090189,0.0,-6.053582,-1.6197324,-13.754008,0.0,-3.8839478
51.549133,0.6297008,1.2660217,8.058133,0.2803475,-2.6816003,-3.789319,0.0,4.9089127,4.2605977,19.65202,0.0,-0.10759806
-52.907677,-0.26221877,-1.5659051,-6.9460034,0.4384013,-1.0981262,-1.2352352,0.0,-4.819267,0.5238706,-5.7566037,0.0,-4.298176
52.985092,0.18529367,3.1354895,8.013113,-0.37822294,-3.7863903,-2.6499615,0.0,4.6647115,-0.7940546,37.46889,0.0,1.5088251
41.605595,0.08625266,-1.5005171,3.838764,-0.8009805,-3.100649,-2.4521306,0.0,4.7867804,-2.517485,29.49142,0.0,1.4368148
24.076311,0.1484488,-4.782591,-0.603517,0.06635268,-2.6223028,-3.1899984,0.0,2.34561,3.747625,17.222448,0.0,-11.487443
-49.209393,-0.2609712,-1.5242571,-8.484668,0.88749045,-1.5447899,-1.0941515,0.0,-4.322547,2.684141,-5.208215,0.0,-3.975991
-34.36313,-0.33905864,-4.6400304,-7.1438785,0.7979063,-1.9946603,-2.0045238,0.0,-3.1902316,0.30158466,-7.2060475,0.0,-2.9210398
57.35523,-0.0967521,-4.483997,-6.7621636,1.4264425,-3.1146326,-4.1862874,0.0,0.9708694,-2.2995076,11.284982,0.0,-2.2165017
8.217762,0.22451283,0.10468219,-0.35561773,0.47763073,-2.101713,-1.2850446,0.0,2.9496443,1.6148533,-6.603629,0.0,-7.5655365
-57.420708,-0.26221877,-3.4093344,-7.155418,0.59708893,-1.0672377,-1.1563668,0.0,-4.60819,3.5969646,-5.549446,0.0,-4.184863
11.537107,0.14014712,0.03987625,-3.5035841,-0.7468283,-3.6734679,-2.331325,0.0,-0.4819358,1.7264711,-5.732983,0.0,-7.4091477
-23.369028,0.27018142,-2.988597,-1.7886721,-0.02168094,-1.8335867,-1.2625215,0.0,-8.807164,13.506677,-5.5023108,0.0,-3.121279
-49.700996,-0.3468116,-3.404088,-9.07443,0.07742903,-2.2974367,-1.1041975,0.0,-5.054048,5.421104,-15.653973,0.0,-1.7747782
9.904468,0.2070984,-0.60021806,-3.5318596,-3.3641593,-1.6484333,-2.7722325,0.0,-0.040063635,0.8004728,-8.933932,0.0,-1.9412935
14.948241,0.17403688,1.4047738,-4.028428,-1.5196711,-3.9211907,-2.892922,0.0,0.24074626,4.907043,-5.8543916,0.0,-7.404638
55.82662,0.63441837,-15.583381,-1.2912946,-0.1448039,-3.0641289,-4.539994,0.0,0.6887691,-2.4325771,13.775153,0.0,0.08528415
27.15958,0.19984064,0.41137457,-7.7306094,-2.2005317,-2.8415804,-3.936884,0.0,0.52913743,4.874471,-8.649807,0.0,-9.33338
-21.494965,0.27018142,-4.1617966,-4.4761295,0.13276148,-2.0884497,-1.7376077,0.0,-6.341724,3.139212,-5.4909034,0.0,-3.3782718
-57.473705,-0.26221877,-3.8032444,-6.0223083,1.04746,-1.1293759,-1.1480789,0.0,-4.60226,7.250163,-5.9113755,0.0,-4.2868752
44.30506,-0.50931597,0.050876707,4.372542,1.1336344,0.8191528,-0.26977348,0.0,-5.9836087,-6.4209275,-20.861156,0.0,0.9205769
42.22205,-0.50931597,0.31834406,2.9485927,-0.73895437,0.48890784,-0.6737215,0.0,-8.3332,-6.7503867,-26.43237,0.0,-2.9224467
42.11867,-0.5095196,0.44254875,15.26426,2.504018,0.108353555,-0.6737215,0.0,-11.564647,-6.2247915,-24.850882,0.0,-7.187151
39.559837,-0.29669952,0.81321895,3.8644094,1.032505,-0.095630795,-0.8899389,0.0,-16.147938,-9.9581175,-35.58219,0.0,-8.5347595
17.09968,-0.38778907,-2.4146712,1.4803357,0.07517499,-0.29850334,-0.8586364,0.0,-10.041634,-8.69685,-27.794653,0.0,-7.70176
10.02005,0.26597485,-0.36591128,11.009397,2.4891946,0.5105031,-0.77515197,0.0,-14.107099,-3.4217467,-19.424349,0.0,-6.5282745
-15.061545,0.23584636,-2.8357072,6.584083,1.8570749,0.5742663,-0.1599707,0.0,-9.591045,-2.9568076,-18.969646,0.0,-2.5283563
10.279534,0.26466832,-6.735297,5.102226,1.4189019,0.5615547,-0.4765272,0.0,-12.867865,-2.3399887,-20.105835,0.0,-6.50121
26.325562,-0.6965647,0.09200582,1.5239503,0.48643613,0.36901897,-0.65764105,0.0,-10.543802,-5.8290677,-30.996555,0.0,-4.403279
45.5033,-0.49371076,1.6093289,-1.7136812,-0.7555146,0.9214292,-0.40354303,0.0,-5.9149265,-3.9708157,-34.064182,0.0,-0.6807207
41.512978,-0.66325665,1.3706527,1.3294435,1.7717508,0.72474205,-0.20850042,0.0,-6.810389,-3.1245158,-29.223026,0.0,-1.2477088
41.23685,-0.3350781,0.89068663,2.1131825,0.9208343,0.7323319,-0.7045618,0.0,-8.183443,-5.2504253,-30.227377,0.0,-1.8260628
42.24653,-0.3350781,1.1487725,4.063161,-0.7767418,0.661022,-0.7045618,0.0,-7.6603503,-5.668122,-27.833841,0.0,0.30680186
42.63145,-1.0992347,0.35041082,2.0672197,0.27459115,0.69656944,-0.20171139,0.0,-3.7502728,-4.4292216,-21.411488,0.0,-1.0786848
42.854485,-0.50931597,0.0748005,4.7726583,1.1940271,0.81855637,-0.4112107,0.0,-8.803185,-6.376647,-21.526876,0.0,-7.1701455
-68.057724,0.09432113,-3.0911462,-1.8303914,1.192885,-0.65680104,0.37012628,0.0,-1.6523492,4.232933,11.582045,0.0,-4.848712
-53.572422,-0.26673928,-3.1770275,-3.4456043,0.15320465,-0.17686208,0.19243653,0.0,-3.019318,2.0629818,-4.4446588,0.0,-4.1967664
36.259792,0.15446065,-2.570309,-0.7787056,2.108738,2.2709663,0.45148012,0.0,1.4383898,1.3956505,-7.6209188,0.0,5.445835
9.935813,0.08043304,-0.5470443,-3.8934178,-0.18143815,0.247606,0.17817084,0.0,0.9009557,-4.3788643,-6.467164,0.0,16.515633
42.57767,0.061065592,0.9904666,-8.391724,-0.9955946,0.21180391,0.5449435,0.0,6.9735174,0.6875647,14.811131,0.0,12.097232
42.36678,-0.08541027,2.0425396,-10.875165,-0.3188152,0.007591093,0.60523677,0.0,-1.4454674,4.018834,8.87166,0.0,0.6215572
-5.0384507,0.14811286,-5.1896763,-2.3288348,0.27301145,-0.03818428,0.19260007,0.0,2.50817,2.0162866,7.695827,0.0,-2.2197578
9.503514,0.13533705,-4.416619,-2.201725,-0.9749163,0.4860312,0.1401755,0.0,-1.3787719,3.021409,-6.2882266,0.0,-1.7182993
-44.571045,-0.0954122,-2.2892933,-2.2444587,0.13514633,-0.26975852,0.16878109,0.0,-2.1046886,1.8933709,-4.719,0.0,-2.3471525
-70.73497,-0.41095445,-4.0304112,-1.8364366,-0.13513926,-0.65665704,0.35555544,0.0,-0.6404534,2.5295594,14.920476,0.0,-4.899209
-46.179916,-0.34035644,-4.0427403,-1.7302741,-5.157274,-0.3833339,0.17339052,0.0,-2.9501643,2.659048,-4.378741,0.0,-4.299795
-44.978962,-0.34035644,-0.08068764,-2.7816784,-0.26433986,0.04010243,0.17916039,0.0,-1.1608303,0.94126266,-3.784046,0.0,-1.9221959
-35.56223,0.21874477,-1.189754,-2.6295729,-0.060703687,0.34492737,0.1993877,0.0,2.1385436,1.2602324,-3.7100625,0.0,0.6430873
12.227989,0.16426238,-0.2645735,-1.791924,-1.424404,0.33990225,0.17313589,0.0,3.0315714,1.7658867,-5.340469,0.0,6.36587
34.650433,0.08906017,0.8858637,-6.811036,1.9270852,1.0355922,0.535569,0.0,3.7362344,-0.36105037,12.769079,0.0,13.4335985
35.581898,0.095211685,-0.50168544,-7.4695206,-2.219578,0.3541979,0.53381896,0.0,2.0309603,1.5409865,13.459229,0.0,12.857007
39.852272,-0.012666047,-2.0934374,-8.969992,-1.3089496,-0.07527675,0.46745908,0.0,2.689527,2.701535,13.489017,0.0,1.7614914
2.5214663,0.17334828,-1.0046475,-7.07584,1.7325156,0.13583006,0.3290833,0.0,1.3282752,0.3635142,3.8123572,0.0,-1.8504168
-25.06886,0.21874477,-1.634485,-6.491903,-0.05284188,0.34406778,0.15689631,0.0,0.10682025,1.7336987,-2.8002467,0.0,-1.4912179
-24.42134,0.18541819,-0.8965661,-2.1451194,0.052297734,-0.17137498,0.21033129,0.0,-1.5872169,1.6629105,-4.1219325,0.0,-1.9088464
-52.664196,-0.30182287,1.9785249,-3.4811432,-0.52151084,-0.15588574,-0.0052050157,0.0,-3.6833525,1.084208,-5.4698453,0.0,-4.392953
-62.089993,-0.30372354,-1.2414623,-4.0502443,-0.8668021,-0.12532695,0.13798039,0.0,0.6344475,1.808481,-4.7802515,0.0,-4.248173
-63.473133,-0.26673928,-2.4803617,-3.654813,0.5864312,0.083097816,0.1488813,0.0,-4.835548,11.099297,-3.5808296,0.0,-3.0357125
-42.81976,-0.34292606,-0.7278745,-2.973047,1.0669589,0.14314377,0.17507179,0.0,-1.6981003,0.9308164,-5.344715,0.0,-2.0947661
-32.388584,-0.7184552,-3.0116436,-3.1830924,-0.44161606,0.43512222,0.21760875,0.0,0.7168844,1.3092847,-5.2939725,0.0,0.17872243
11.419617,0.1241961,0.20818788,-2.8127136,-0.18395236,0.35000733,0.24577604,0.0,2.3304946,-1.4705565,-6.319183,0.0,7.2900586
14.403376,0.14499344,-4.3679185,-8.46439,-0.70450854,-1.1795206,0.5234242,0.0,-1.2947206,-7.16815,19.740692,0.0,9.078676
35.88813,0.13820465,-1.9744356,-6.201835,-1.2731527,-1.527299,0.6926914,0.0,-1.534623,4.006664,18.096739,0.0,10.868306
58.280724,-0.048442937,6.4922614,2.2183542,0.54445255,0.88192904,0.43008026,0.0,4.8886375,3.4843662,-18.306707,0.0,3.409219
3.7110863,0.1701318,-0.6470596,-3.4488165,1.370995,0.6106901,0.18845218,0.0,3.516856,1.640747,-8.389467,0.0,-0.06327738
-40.039845,0.30163428,-1.6210046,0.8705256,0.34957293,0.03337258,0.17620926,0.0,2.12918,1.4785284,-2.5904112,0.0,-2.3679125
-41.135254,0.32777217,-2.4709344,-0.373578,-0.88635707,-0.11002979,0.15646961,0.0,-2.9960146,2.5156078,-3.406102,0.0,-2.261373
-54.11602,-0.3001059,-3.8973262,-4.932849,0.43279564,-0.44301295,0.17884147,0.0,-3.429466,1.1723552,-4.0218887,0.0,-3.5558953
-52.408817,-0.3001059,-3.1362822,-6.873793,0.03529024,-0.88578856,0.17726895,0.0,-3.5415995,1.1701008,-4.3217983,0.0,-3.8324723
-51.86601,-0.3001059,-1.8912919,-6.916761,0.70986396,-0.2173423,0.14585938,0.0,-4.01734,2.9978518,-3.9346569,0.0,-3.6160462
-43.471363,-0.37629268,-1.1720347,-5.6381955,-0.10145099,-0.015853211,0.21054552,0.0,-3.2000372,1.2100399,-2.9814775,0.0,-1.4085726
-27.33058,0.23412937,-1.386256,-7.477248,-0.07243858,0.4515216,0.1842201,0.0,1.3622777,1.4858552,-2.6140432,0.0,0.30345333
15.553466,0.16191371,-0.34187013,-5.1508894,2.6069026,0.5106731,0.19838607,0.0,6.9306254,-0.059193894,-3.1195738,0.0,4.968714
32.291805,0.08897664,-7.232822,-6.384698,0.5647462,1.3627193,0.68734103,0.0,2.103518,1.9876431,12.902142,0.0,13.2996025
34.79183,0.10941887,-5.828675,-4.7297006,-0.4664744,1.0792314,0.4980794,0.0,1.9935274,3.5263557,-4.356718,0.0,11.493495
42.724483,-0.03130111,-0.2722314,-10.568172,-2.3165607,-0.07465878,0.48090515,0.0,-1.4025652,3.1805484,12.770862,0.0,0.55955714
16.27874,0.10821503,1.0819161,-4.487562,-1.788406,0.53221375,0.33655655,0.0,0.31475726,1.3201635,-3.3360958,0.0,1.3799427
9.200507,0.21874477,-0.27821332,-4.4625297,-0.52247345,1.0068462,0.15191288,0.0,1.0778344,3.3038542,-4.862108,0.0,-0.5067398
-42.07339,-0.0954122,1.3377333,-4.1152086,-0.011995129,-0.015118559,0.17725036,0.0,-1.9211596,0.64528525,-3.015614,0.0,-1.887066
-50.50942,-0.30372354,2.5158093,-4.7963862,-0.08817997,-0.4503527,-0.056485552,0.0,-1.6611376,0.60139036,-3.2133477,0.0,-4.340264
-55.652584,-0.30372354,-2.945365,-4.7091327,0.010942176,-0.1691476,0.12918083,0.0,-1.3625356,2.0693164,-4.0926366,0.0,-3.9386694
-59.16358,-0.0954122,-1.8043386,-4.2139664,0.50929195,0.04572495,0.13486528,0.0,-2.3318496,2.0900743,-4.4784136,0.0,-2.99269
-41.352962,-0.34482673,-2.396058,-3.2536845,-0.32666162,-0.042576343,0.21962288,0.0,-3.5656142,0.6154815,-5.2534685,0.0,-1.4712788
-25.829369,0.22064541,-0.061036915,-5.061741,-0.11734105,0.41706374,0.1477181,0.0,1.4821823,1.782063,-2.2235615,0.0,0.34337664
14.053036,0.16426238,1.1426214,-4.176337,-0.40383676,0.48008832,0.2541109,0.0,3.4167526,2.0906508,-3.3661532,0.0,7.1933002
43.20887,0.09512815,0.01240691,-7.489021,-0.37955114,0.13590115,0.7638914,0.0,-0.2032671,0.35142678,17.50341,0.0,13.937273
42.251404,0.1002157,0.7521825,-9.826443,-0.46275803,0.14667046,0.75199485,0.0,0.41837138,5.2146473,15.418175,0.0,15.253329
30.562515,0.089550905,-1.5536499,-7.9063487,-2.3365314,0.88450223,0.5963892,0.0,-0.34950197,2.877903,12.109401,0.0,2.5066612
33.6045,0.16018282,-2.9030912,-1.5562744,2.6562946,1.6022272,0.50761104,0.0,-0.56348443,3.3208218,-5.021543,0.0,4.079618
9.607673,0.14014712,-0.8455464,-6.202437,-1.1639295,0.41241118,0.123986565,0.0,1.808961,0.5188881,-3.9171143,0.0,-2.2595906
-44.12547,0.29549697,-2.667852,-5.794899,-0.11383896,0.023181356,0.13697687,0.0,1.2340953,1.8827399,-3.3752253,0.0,-1.742771
-51.532387,-0.0954122,2.7556238,-4.8286695,0.13347329,-0.18242837,-0.05192883,0.0,-3.2128553,2.9384708,-3.482921,0.0,-3.4387605
-65.891846,-0.34035644,-4.2103457,-5.403409,0.7055963,0.071830064,0.13301638,0.0,1.7307513,6.2395353,-4.4321218,0.0,-3.9289508
-60.543938,-0.26798686,-3.204967,-5.6358294,0.13365407,0.075558126,0.14125615,0.0,-4.0050163,8.96753,-6.940754,0.0,-2.9900997
-54.140244,-0.27573982,-4.1917453,-5.3083973,1.0029896,-1.0835207,0.18668664,0.0,-2.8054976,4.254276,-14.730552,0.0,-1.5040092
-31.20673,-0.20030668,0.106425,-4.4358454,0.06547658,0.28415713,0.19821207,0.0,-2.9766483,0.83209074,-3.339378,0.0,1.4438251
12.973678,0.13735482,-0.38245732,-5.789145,0.2992887,0.27493867,0.20271702,0.0,5.345198,0.48767155,-4.0953846,0.0,5.9219303
31.012743,0.21313399,-0.82952887,-5.0699606,2.19501,0.8774969,0.5124559,0.0,0.6035764,-6.4340496,-7.0662093,0.0,9.806128
44.05402,0.67496985,-1.6716316,-3.576769,0.6107268,0.3306959,0.45435825,0.0,0.7228978,3.1422136,-18.745567,0.0,6.401773
22.27697,0.24962361,-0.7377048,2.6185806,-1.8810135,0.9127746,0.2043788,0.0,0.12180402,5.619917,-5.8568373,0.0,7.538459
38.275696,0.16114081,-5.559104,0.2602676,0.8793898,0.73592067,0.4230661,0.0,1.572284,3.1798246,-11.686368,0.0,1.4919212
8.6480875,0.14110512,-3.497059,-0.019692408,-0.7617551,0.49487618,0.14643867,0.0,-0.39608875,0.34503144,-6.55501,0.0,-2.1235995
-33.658592,0.22451283,-3.3528252,-0.57650745,-1.1297134,0.030078236,0.21190381,0.0,-4.0647597,2.7309825,-3.6043315,0.0,-2.032853
-45.660557,-0.33458835,-3.220608,-4.9531918,-0.39870447,-0.0027400968,0.16192327,0.0,0.7567299,0.0039393017,-4.008373,0.0,-5.46002
-40.676727,-0.2609712,-3.2207768,-5.181602,1.9026762,-0.44152924,0.20404433,0.0,-2.0493016,0.6309247,-4.641126,0.0,-4.2779613
-43.596157,-0.33458835,-3.4844954,-7.0258193,-0.2988381,-0.21712875,0.16221938,0.0,-2.0534883,0.09603459,-4.9431973,0.0,-4.886331
-43.37348,-0.33458835,-2.650543,-6.1081495,-0.9991284,-0.036745485,0.17715539,0.0,0.8036964,0.33222604,-4.3871913,0.0,-1.992923
13.813041,0.17802939,-6.981673,1.9463506,4.058008,0.5047406,0.17551361,0.0,3.1352437,0.6330061,-4.074587,0.0,1.4447663
33.607628,0.16208425,-1.2201965,0.54437095,-0.5248035,2.0018537,0.478059,0.0,0.70130527,3.9927979,-8.527719,0.0,8.335972
34.225475,0.16208425,-1.6148181,-1.6819576,-1.4414146,0.5752855,0.531614,0.0,-0.8950963,0.24273327,-12.311129,0.0,13.017045
36.9107,0.16426213,-0.32462424,-4.3422313,-0.701888,0.8819639,0.54780746,0.0,3.774672,4.2534833,-6.639803,0.0,14.283661
31.664104,0.14530388,-2.1769829,1.025469,-0.94191563,1.3751838,0.42534307,0.0,2.206017,3.0995667,-4.533828,0.0,5.743676
11.758913,0.22451283,-3.4411418,-2.900193,-0.7493257,0.40298072,0.17600557,0.0,2.3161883,1.144051,-4.703053,0.0,1.9380744
-27.261116,0.22451283,-3.4827626,-3.7956107,2.2655373,0.5834059,0.167832,0.0,1.7289273,1.2551001,-3.4274192,0.0,-0.8088161
-42.839,-0.089644134,-0.8512375,-4.361349,0.8418425,-0.25106898,0.16677609,0.0,-3.1413465,6.706617,-3.4505823,0.0,-1.6687437
-57.447342,-0.33458835,-4.125634,-7.3611445,-0.2472665,-0.5983438,0.15095858,0.0,2.0213172,2.6298718,-4.690608,0.0,-4.6963067
-45.84819,-0.33458835,-3.2774777,-6.555523,-0.26472592,0.022890469,0.15595621,0.0,-2.9702163,2.4266553,-4.751765,0.0,-4.722888
-42.823788,-0.33905864,-2.4546788,-6.6654625,-0.31555593,0.0034500896,0.2114755,0.0,-3.9990222,0.18009555,-5.544295,0.0,-4.450196
-29.129444,-0.17579207,0.3091274,-4.6897736,-0.26201862,0.26813754,0.20579614,0.0,1.286186,0.90889084,-3.6801786,0.0,0.6019183
34.47209,0.23308258,-1.0812929,-6.546528,-1.3017508,1.7619481,0.455432,0.0,-2.3847744,3.519488,-10.802096,0.0,6.5577555
30.017693,0.098090194,-1.6838763,0.4670934,-2.5278647,0.77380264,0.56115943,0.0,1.7221134,1.6148083,22.968758,0.0,13.087332
36.599182,0.14006571,-1.3491596,-0.3172472,-0.52427036,0.3071962,0.9628752,0.0,-0.4654759,-0.025682969,19.624983,0.0,14.17813
35.66511,0.14530388,-2.6407406,1.3087898,-1.1409243,0.4620304,0.6484578,0.0,1.0270163,3.0624518,15.852923,0.0,3.7950733
12.05026,0.2449382,-3.160319,-0.48966852,-0.94179505,0.4585022,0.19394065,0.0,0.5225182,0.38521752,-5.9529524,0.0,0.86077166
-22.348381,0.20762222,-2.0238316,-3.5648682,-0.33539686,1.0625029,0.16023818,0.0,-0.82304096,4.354363,-3.3138132,0.0,-0.50252515
-50.48028,-0.089644134,2.6063192,-6.003774,0.24857026,-0.45665747,-0.0014980051,0.0,-3.087873,2.0798962,-5.2664227,0.0,-4.323064
-60.725132,-0.2609712,-3.4094918,-6.1242714,1.2380918,0.08360791,0.14106351,0.0,-3.6770835,3.3377998,-5.211095,0.0,-3.6263268
-43.02878,-0.26139244,0.03872824,-5.180878,0.12932557,-0.03776895,0.23099263,0.0,-2.9404895,1.0311581,-5.2771316,0.0,-1.0821064
13.398519,-0.17579207,-0.4128698,-3.4986737,-0.9120291,0.47178954,0.21363647,0.0,0.70512974,0.9153117,-5.0045905,0.0,0.09317239
16.162277,0.06841219,-0.73206276,-0.66261685,-0.15592796,0.5117723,0.23254131,0.0,4.6228476,-0.036399554,-6.0905385,0.0,7.8217044
34.049614,0.032954022,-0.63556623,0.8987283,-1.0819587,0.8510602,0.7059241,0.0,0.8523043,-0.80630827,21.52708,0.0,13.33598
53.355198,0.19317414,2.3840437,6.3631516,-0.6528585,0.6026033,0.7138655,0.0,5.5978527,5.6298404,28.065557,0.0,12.3754635
62.61738,0.2636322,-4.493327,5.343629,0.2350049,1.2706517,0.4422904,0.0,9.022194,2.2108681,18.948885,0.0,2.8809352
32.946854,0.08474084,-2.8432043,2.9920583,3.0253072,1.5098099,0.36910483,0.0,2.0626302,3.4921238,-5.9860725,0.0,3.0576878
-12.975978,0.22451283,-2.795052,-0.16704403,-0.77790326,0.48687008,0.20486477,0.0,2.6223922,3.85237,-2.5160089,0.0,-0.5278376
-52.464092,-0.09089172,-2.6725006,-5.0694146,1.0574473,-0.8654871,0.15613486,0.0,-2.7789016,2.3000598,-5.6570945,0.0,-4.4159694
-42.95002,-0.26221877,-2.4038625,-3.5552175,-0.63343096,-0.019776369,0.17263475,0.0,-2.7952623,2.041024,-4.677642,0.0,-0.46979746
-19.6161,0.22451283,-0.12083402,0.8016568,2.800853,0.61880696,0.20322776,0.0,2.0913486,1.0033737,-3.6038437,0.0,0.81360775
16.949242,0.16045593,0.3935958,2.1992188,3.3358877,0.4111079,0.22430004,0.0,4.8145027,-0.12701494,-4.695272,0.0,7.385128
48.073566,0.14453875,0.90920603,11.311959,1.7559365,0.4308792,0.6792207,0.0,5.211299,-2.7004294,22.639988,0.0,16.695526
62.45656,0.66734886,3.814751,-1.1320477,0.55660516,-0.10271871,0.54607946,0.0,2.8170516,3.2667656,22.868855,0.0,11.711814
45.62875,0.20815381,-1.3042489,9.355873,-0.9669965,0.34494412,0.6841927,0.0,6.884252,4.772955,21.879696,0.0,6.1978154
9.661179,0.12526816,-0.18478869,7.5709867,-0.39267904,0.3892001,0.3528496,0.0,5.7757306,2.0062,14.166651,0.0,-0.31102717
-13.418055,0.2449382,-1.3385096,2.464835,0.8361314,0.569286,0.13947998,0.0,5.5430603,2.1176274,-2.5649555,0.0,-0.3491152
-45.160755,0.30126506,0.6406958,-3.508069,-0.46709776,-0.0052008578,0.15123361,0.0,-2.3437312,6.886004,-3.0125184,0.0,-1.7851814
-53.56839,-0.09089172,2.317083,-6.6550593,-0.06178361,-0.15816097,-0.031337876,0.0,-3.016028,5.168139,-12.394671,0.0,-3.4864607
-53.511665,-0.26221877,-3.4903681,-7.4713616,1.1063911,-0.14936502,0.15042286,0.0,-3.5898724,2.5828469,-4.2982874,0.0,-4.219926
-40.572525,-0.33905864,0.16354771,-2.5169356,2.3686109,0.16027924,0.1730668,0.0,-1.2190713,0.81769973,-3.7045977,0.0,-0.31772968
14.499376,0.18063127,1.2282282,1.6208075,3.2304523,0.4525678,0.17551361,0.0,2.8356888,1.8111488,-5.8753777,0.0,0.61253524
35.92881,0.17824782,1.1351849,2.7885609,3.2347138,1.6853777,0.42953652,0.0,4.9465313,2.7590714,-7.919992,0.0,7.0955243
37.82413,0.1573905,-0.32476503,4.94453,2.0810144,1.9886059,0.4479731,0.0,5.684967,4.3803954,-9.108885,0.0,14.586244
35.41383,0.08485795,-2.4612799,5.8313036,0.69459075,1.2030602,0.91818345,0.0,1.4492186,3.9957092,19.550303,0.0,16.405304
49.807484,0.14530388,0.037883595,11.2918825,0.88992774,0.6941818,0.6876089,0.0,4.6171694,4.7064047,21.990095,0.0,4.1322293
34.837288,0.15537275,-3.0182185,2.753274,2.252383,1.6632456,0.53559977,0.0,-0.55217505,3.9964874,-7.466673,0.0,3.5918953
12.944071,0.23917013,-1.5829186,0.5477399,3.2156713,0.39695412,0.13947998,0.0,5.1198926,1.2263409,-5.1816707,0.0,-1.3482519
-31.067007,0.21874477,-3.5262456,-0.9598374,3.8732443,0.3744414,0.15495867,0.0,2.4990497,3.5139918,-4.101609,0.0,-0.8111497
-39.76401,-0.089644134,0.62041223,-0.8234432,2.6314325,-0.41956374,0.19084543,0.0,-1.2152344,0.8430055,-4.82981,0.0,-4.136952
-51.231335,-0.089644134,-0.9067751,-2.4319954,0.4987462,-0.18671064,0.15359578,0.0,-2.4405184,2.7523851,-5.1337285,0.0,-4.0330153
-59.97397,-0.09089172,-2.730441,-2.019972,-0.01957006,0.112210155,0.14761259,0.0,-4.6028676,2.9126906,-4.3501525,0.0,-2.8775802
-24.39195,-0.19453862,0.12613133,-1.1426749,2.4175987,0.47692978,0.17507179,0.0,-0.47240576,0.9996011,-5.153793,0.0,-1.1538548
-31.068117,0.27018142,0.012017846,-0.59451824,0.36370668,0.2930288,0.21586879,0.0,-4.0984297,1.2081383,-3.8807535,0.0,1.8053225
34.806503,0.16208425,0.94636446,2.576602,0.7468338,1.949092,0.48918357,0.0,3.7159865,4.3903775,-7.4704776,0.0,9.193979
41.231464,0.14030439,-0.11792286,9.478631,1.1615376,1.7154503,0.69894785,0.0,0.5916912,1.4374588,23.365442,0.0,18.888382
53.711315,0.16426213,1.7483932,11.182548,0.9712383,0.5052899,0.7500289,0.0,5.4074802,5.929968,25.320269,0.0,17.764748
62.65865,0.039769508,1.8116448,7.4956017,2.0566576,0.6355604,0.4422904,0.0,7.2534084,5.006739,21.066103,0.0,3.4696736
16.604052,0.20395505,-0.12683046,3.0961003,3.0797071,0.45819837,0.19470438,0.0,5.6453385,4.548525,-5.947239,0.0,1.4977891
10.524152,0.22451283,-0.011680469,1.478221,-0.5601215,0.3590124,0.16810183,0.0,1.5547377,7.3104057,-4.811095,0.0,-1.8617965
-43.013336,0.20521729,1.3110794,-1.3591942,1.3329502,0.05695649,0.15057464,0.0,-3.8103497,5.5111213,-3.7403293,0.0,-1.8028351
-32.808945,-0.19453862,-0.0022466332,-3.33852,1.163456,0.30426973,0.1656761,0.0,2.2990704,0.77557594,-4.982775,0.0,0.5919963
11.434463,0.16611855,0.8200816,-1.2444113,-0.16469543,0.26084533,0.17367558,0.0,1.9533756,1.2719078,-5.468787,0.0,8.466794
29.374638,0.14006571,-2.9150848,-1.8080422,-0.010539195,1.5209242,0.48874912,0.0,0.10016729,-0.9215361,-10.620358,0.0,13.135776
65.74335,0.11627736,-0.77844083,-0.4283108,1.4895129,0.4127734,0.39383885,0.0,3.659521,-0.27828422,25.985346,0.0,8.6727705
51.56451,0.6239588,3.4891236,8.325119,1.4560629,0.36681905,0.64040637,0.0,3.6340775,3.701178,18.365067,0.0,1.9463276
15.893291,0.06470514,-0.36718094,1.1333896,-0.2262825,0.6264388,0.15847726,0.0,5.0830183,1.7081914,-6.45115,0.0,1.9371071
11.588097,0.22451283,-4.040105,0.97114724,-0.3358304,0.43353543,0.18427531,0.0,1.8200958,3.711655,-4.461243,0.0,-1.6881382
-42.131588,0.20521729,0.6009165,-2.997481,-0.40316412,-0.02451771,0.1467768,0.0,-3.428437,5.344515,-3.7977905,0.0,-1.7254602
-42.51587,-0.34225458,-1.7788618,-0.7050319,0.042834923,0.0042528715,0.18684393,0.0,3.2389197,5.972045,-3.0774293,0.0,-4.8761353
-41.29802,-0.089644134,-0.5707637,-4.854467,0.15336439,-0.037648182,0.20561685,0.0,-3.4606435,0.2688154,-5.202468,0.0,-4.3206944
-24.463678,-0.13149285,-0.5994279,-0.13140076,4.313152,0.45811918,0.16331162,0.0,3.288363,4.017738,-3.3700972,0.0,-1.4835582
13.482705,0.22451283,-0.59187233,0.26442882,3.1204636,1.0782826,0.18095577,0.0,0.4535602,1.5803552,-5.026327,0.0,1.3151118
14.745518,0.16895613,-0.27877766,2.6241982,-0.90350425,0.45277768,0.40497994,0.0,3.4183948,1.578409,-4.830119,0.0,6.80435
36.157307,0.14006571,0.9392561,6.4068804,1.0210979,1.5353744,0.57443506,0.0,1.9672104,0.36349025,-3.6981525,0.0,15.109975
58.56841,0.6459391,-0.7895183,3.3634913,-0.14119436,0.44042322,0.76665705,0.0,1.5805956,3.8568387,23.844059,0.0,12.940494
37.274155,0.16617829,-1.3912034,5.412743,1.1778992,1.2059454,0.6595966,0.0,6.8366213,4.5616136,24.530117,0.0,5.9796557
33.502655,0.16114081,-4.9846263,2.3461633,2.1992655,1.586501,0.36910483,0.0,-0.96572,4.026247,-8.382118,0.0,3.7906835
9.149319,0.24385555,-3.8822649,1.1623067,-1.0234054,0.96783894,0.18962958,0.0,-4.2963357,3.7357244,-7.006112,0.0,-0.82491446
-31.661922,0.18541819,0.9130575,-5.272489,1.8114706,0.28176957,0.17424782,0.0,-4.778234,1.5248514,-3.9184537,0.0,-1.0043358
6.1693196,0.1314631,-0.94864815,4.5757613,0.42722276,1.3981084,0.12071452,0.0,5.1142354,-2.8514214,-3.1349351,0.0,-4.5606627
0.94833636,0.06347811,-3.551197,1.473503,0.07322447,0.0076370444,0.21837999,0.0,-11.654236,-1.2350991,-5.8903723,0.0,-6.2689195
-38.166676,-0.12987046,-1.0674573,5.393373,-0.26310244,0.75429666,0.20194897,0.0,-7.3079166,-2.206636,-5.4519277,0.0,0.043512866
-42.731796,0.18523906,-0.4990371,7.847047,1.3663348,0.26369688,0.16192389,0.0,-6.1465907,-1.8557209,-5.1568356,0.0,-0.31303164
-31.404703,0.18523906,-0.95421666,4.0285954,-0.2232223,0.6051905,0.20016034,0.0,-6.6640573,-1.0724043,-7.604032,0.0,-1.6311885
-29.891273,0.16277525,-2.5066817,1.6482201,-1.077064,0.46031237,0.14390631,0.0,-1.5098792,-2.8628871,-4.3519654,0.0,-5.0446014
11.390514,0.11958384,-0.7797151,0.09109593,-1.2330421,0.62239176,0.15180005,0.0,4.089472,-3.6718993,-6.6619496,0.0,-6.292333
31.54023,0.59768367,0.0739796,-2.2938678,-1.5553036,-0.011597854,0.36915737,0.0,4.125199,-6.4156146,11.328404,0.0,-5.0949287
31.325909,-0.075122416,0.0030176006,-0.7304627,-1.958803,0.4745758,0.5270307,0.0,3.442679,-2.5054686,-12.3484745,0.0,-6.1786804
21.414482,0.2651528,-0.95153713,3.9520423,0.787663,-0.24045324,0.21915655,0.0,3.1941602,-5.5376325,-3.9402084,0.0,-7.988447
18.473677,0.2572872,-2.3044596,5.9646454,-0.29962277,-0.26272914,0.20132114,0.0,0.8413482,-3.5929747,-3.9224248,0.0,-7.260977
4.346008,0.22017668,-0.5156255,1.4048017,-0.11437727,0.28510067,0.19736631,0.0,-8.20098,-3.0134296,-4.9478726,0.0,-5.598786
-35.382786,-0.12987046,-2.8597658,8.202252,-0.08218644,0.9726198,0.21808669,0.0,-6.6030493,-0.42198002,-4.0605206,0.0,0.26841414
-40.61395,0.1774861,-3.858926,7.236152,-4.8866777,0.79184383,0.26108015,0.0,-7.342101,-3.62619,-11.49138,0.0,-2.7681527
-27.121058,0.19184424,0.05436854,5.4570513,-0.43576565,0.46576074,0.20682092,0.0,-3.4159124,-2.256043,-4.4113026,0.0,-4.621415
15.985996,0.24694838,-1.2818798,1.1956109,-0.8038611,0.6809458,0.198757,0.0,2.9672267,-3.084084,-4.5915184,0.0,-5.9378543
34.31434,0.24215746,-6.03683,1.9380339,2.0747724,0.6539794,0.3368717,0.0,12.971143,-2.1202335,-3.033323,0.0,-2.7133856
52.74818,-0.057299737,3.255552,10.425959,1.370674,1.3284372,0.3229555,0.0,18.157673,-1.6669494,-12.287708,0.0,-5.30807
13.426142,0.12792012,-0.39464542,2.5929635,-2.9718368,0.8995677,0.14731698,0.0,1.9832072,-0.98215365,-3.6674275,0.0,-5.922206
28.309252,0.16293585,0.20081188,2.3018863,-1.3139777,0.5612544,0.5240075,0.0,0.8782428,-6.028499,-5.506726,0.0,-4.861449
10.827232,0.14221747,0.12661535,1.5793543,2.6694303,0.31144777,0.15809421,0.0,4.623172,-3.2330952,-3.6228096,0.0,-3.272986
-19.702898,0.078552745,-0.0045261383,2.7433887,0.6310565,0.50973326,0.20682092,0.0,-4.891116,-1.8146646,-4.598913,0.0,-1.1480908
-35.339947,-0.18126367,-2.912646,12.193724,0.8339261,0.7775562,0.20352149,0.0,-2.842123,-2.5496936,-4.7811737,0.0,1.150478
-30.085457,0.18523906,-0.19789927,13.013869,1.2777598,0.95361346,0.20432758,0.0,-4.817025,-0.28012866,-4.705688,0.0,1.0551502
-27.37756,0.18523906,-1.5079819,5.844165,0.8306396,0.6853138,0.20253895,0.0,-4.688903,-0.9554853,-4.983135,0.0,-0.04961008
-31.952253,0.18523906,-0.26815474,5.327597,0.3498443,0.66180396,0.20253895,0.0,-3.72412,-1.6574919,-3.0712674,0.0,-2.0806706
12.544336,0.14261386,-0.7370174,2.641099,1.7928673,0.7580837,0.17284203,0.0,3.1327178,-4.289895,-4.541429,0.0,-6.08654
10.6037445,0.08409023,-0.11583392,0.9490553,-2.5371444,0.6823406,0.14160475,0.0,4.8054237,-3.5759687,-8.601893,0.0,-6.9370356
26.886093,0.19745708,0.2729712,-0.27446586,1.0966325,0.6852348,0.3019345,0.0,3.388542,-4.9920444,-4.8977895,0.0,-4.3134394
38.79534,0.18222235,1.5913856,3.8285062,-0.93436724,0.75568277,0.3368717,0.0,5.126618,-4.5416822,-4.6368117,0.0,-5.4521556
36.197666,0.16293585,-0.41661,2.9521906,-1.5897425,0.69754344,0.3032202,0.0,3.0585916,-5.9082284,-4.435347,0.0,-7.16468
18.325157,0.24316178,-0.10723472,3.7804875,0.7603928,0.77345747,0.13903092,0.0,10.702592,-1.9239794,-1.9691457,0.0,-1.2336718
-17.584002,0.18711178,-1.9163773,6.3505354,1.2027192,0.46499223,0.15609293,0.0,1.9751523,-1.3052558,-2.9027,0.0,-1.6167319
-33.1274,-0.14127901,0.015923552,9.990469,1.7780272,1.42981,0.23697627,0.0,-4.5427957,0.74960387,-3.1225326,0.0,0.698655
-41.004612,0.21827853,1.247386,12.935986,1.1136123,0.27902877,0.1945726,0.0,-3.1301484,0.5037097,-4.0545506,0.0,-1.4907422
-32.010983,0.18523906,-1.3030459,14.210095,0.7427435,0.8904868,0.2090125,0.0,-6.112652,0.035373494,-8.260916,0.0,0.6061529
-32.61259,0.18523906,0.050136283,13.623416,0.510717,0.68033123,0.2082064,0.0,-2.2067595,-1.432906,-7.61147,0.0,0.31899193
-28.045166,0.18523906,0.2641455,19.389856,2.7663655,1.51374,0.21058501,0.0,-0.42931908,-0.46711797,-8.9162855,0.0,-1.7020191
-28.597633,0.29240683,0.25748038,2.2916481,4.605888,1.6010233,0.14574347,0.0,2.6673737,-1.0474775,-2.8460755,0.0,-4.377295
23.98642,0.20295396,2.3173392,0.598521,3.827017,-0.267252,0.20781147,0.0,3.2976253,-5.856626,-7.9154296,0.0,-6.7377887
31.449219,0.083360866,0.17199937,-4.902221,-2.008479,0.7220053,0.3802265,0.0,2.6425154,-5.7436833,14.683962,0.0,-3.5850513
34.10874,0.17305024,-0.09029895,4.347238,-0.37150043,0.73962784,0.3368717,0.0,7.4555836,-2.7945077,-5.9121737,0.0,-5.4451666
31.939606,0.16976507,-0.6933217,1.0274835,-3.5472798,0.4805954,0.32802728,0.0,3.5501153,-6.3462014,-11.399485,0.0,-6.550814
17.676817,0.21095964,0.3118217,0.51003325,-0.71245146,0.5699575,0.120614745,0.0,7.9300303,-2.3452415,-3.468259,0.0,-1.9991162
-18.285278,0.06347811,-0.89001364,5.083374,0.97442937,0.36293575,0.20816182,0.0,-4.7302933,-0.9589554,-3.907292,0.0,-2.3369153
-28.027954,0.29630485,-2.1315098,-1.9643444,1.2508643,1.4383217,0.21710695,0.0,-3.477363,2.1457486,-3.9528,0.0,0.53824127
-48.454086,-0.011150219,0.91473615,-4.7817593,0.87189674,0.53130686,0.17386538,0.0,-5.117266,-1.6242,-6.917158,0.0,-1.3234941
-52.619648,-0.022558779,-0.05352826,-5.599593,0.025445605,0.26517224,0.19234478,0.0,-5.3396764,-1.0074856,-10.939136,0.0,-1.1250845
-54.488766,-0.19388583,-3.4907339,-7.659949,0.031623624,0.30034438,0.20494157,0.0,-5.0779157,-1.5409625,-13.565851,0.0,-2.4359818
-42.48945,0.25128585,-1.3095391,-8.878401,1.5609819,0.83557063,0.2711126,0.0,-4.103606,-1.126116,-11.353228,0.0,-2.6582713
13.231494,0.20261881,0.48692426,2.066734,2.600798,0.29135603,0.2043286,0.0,3.0207207,-3.541269,-3.3697894,0.0,-4.576344
20.094912,-0.5019779,0.5407266,-1.1713586,-2.351786,-0.24450462,0.21706763,0.0,3.1395519,-6.9587584,-9.029034,0.0,-7.6685953
19.245117,-0.10559602,-0.8222281,-4.6492233,-1.8589754,0.10621758,0.2581271,0.0,-0.7496811,-7.4530106,10.470205,0.0,-5.5324445
34.99527,-1.2272496,2.208046,-1.8615361,-0.2505264,0.4745681,0.28681135,0.0,1.1560009,-6.20785,-10.536451,0.0,-6.4641595
54.75363,-0.51407164,-2.7526627,6.750081,1.0633265,0.6515106,0.3215325,0.0,17.621725,-3.7719111,-8.255256,0.0,-4.3557467
16.44211,-0.5223008,-2.468891,4.7310834,0.06436989,0.040592764,0.22299634,0.0,2.9045973,-6.5938787,-3.6264212,0.0,-7.6842594
-19.224987,0.17570323,-0.9596255,5.5581,0.07869013,0.86577207,0.18935871,0.0,-0.14527008,-0.3787833,-3.2630155,0.0,-2.2438147
-29.777283,0.29630485,-2.425448,1.227621,1.0285071,0.8895598,0.23244174,0.0,-4.426055,1.4202476,-4.0720043,0.0,-0.2963199
-51.38272,-0.02678173,-2.360968,-7.764156,-0.3206899,0.47622594,0.1754379,0.0,-4.587321,-1.8127354,-3.1455324,0.0,-1.3706849
-46.021416,0.17334378,5.128734,-5.983839,0.73793083,0.46654072,0.45356318,0.0,-4.3782544,-0.46142745,-6.833244,0.0,-0.71451813
-53.114742,-0.18247728,-4.7176843,-6.123059,1.0296646,0.26547307,0.17386538,0.0,-6.0683074,-1.5846763,-11.498714,0.0,-2.4890325
-46.807472,0.2590388,-2.201323,-8.289141,0.52664185,0.8822635,0.2177311,0.0,-5.559319,-2.1409702,-11.712051,0.0,-2.726581
-15.896965,0.19876398,-1.3556696,-5.3301315,2.3740242,0.13373666,0.19164164,0.0,-1.3562547,-2.4485328,-4.5559273,0.0,-4.507139
9.532245,0.10843765,-0.08648732,-5.2082224,-4.2993255,0.41272315,0.13975231,0.0,1.1113577,-3.128515,-5.6012707,0.0,-6.654943
33.708138,0.09208731,0.5035348,-6.0613637,-2.3557193,1.0512983,0.32118836,0.0,3.9104369,-6.05623,13.337,0.0,-3.7432299
51.136772,-0.50676924,-5.9730554,6.106783,-1.1944377,0.71776026,0.33246586,0.0,13.561733,-3.5524588,-10.122065,0.0,-5.272896
35.5353,0.0222632,-0.6050103,-4.14898,-1.8011527,0.6315982,0.36731043,0.0,5.176466,-1.1132917,-6.37328,0.0,-8.012074
13.900527,0.10712656,-0.67755306,1.1491996,0.39920825,0.54295284,0.10097485,0.0,6.7837563,-2.1106086,-3.615683,0.0,-3.401503
-26.430365,0.19876398,-2.138229,-5.6769824,0.8909138,0.4627372,0.18914093,0.0,-5.748569,-2.149252,-3.815856,0.0,-2.0868382
-29.353214,0.28092024,-2.7242312,-2.899816,0.14470142,0.88169605,0.23956707,0.0,-3.361675,0.0028030723,-4.7578917,0.0,-0.51875854
-52.66061,-0.26139244,-2.9889808,-2.7755241,0.22720951,0.4475239,0.1975514,0.0,-5.7241426,0.87418735,-6.9019947,0.0,-1.1487963
-45.982418,0.018119015,-2.7029116,-3.7584875,-0.6248814,0.8041348,0.23531546,0.0,-5.5285845,-1.8488866,-12.626278,0.0,-1.9940001
-36.306713,0.20414162,-0.59548247,-2.7713232,1.0167438,0.80608994,0.22144704,0.0,-4.745862,-2.2984693,-8.728444,0.0,-2.8960621
12.324347,0.15426606,-0.4960558,-1.4327104,2.8905714,0.43469685,0.30751193,0.0,2.7395258,-2.8695261,-4.3558016,0.0,-5.9413233
21.098095,-0.48622078,-3.3607059,2.1904728,-1.967753,-0.019965991,0.21706763,0.0,6.165846,-5.8820972,-3.6064467,0.0,-6.251738
22.902325,-0.49514872,0.0030602217,-0.3121931,-3.3843875,-0.4729187,0.24105927,0.0,1.8670473,-7.0978346,-9.906555,0.0,-4.9756603
22.488724,0.19519754,0.88808966,-1.1288843,-2.8142703,-0.46359545,0.19793448,0.0,1.7297673,-5.118477,-5.4540415,0.0,-7.057113
40.933746,-1.2183217,-8.857492,-2.8454406,-3.1456752,0.48255286,0.27147216,0.0,-1.787305,-6.5989466,-11.817415,0.0,-7.6585655
22.780226,-0.51443523,-0.25678903,2.6759996,-2.1220655,0.7218496,0.26367182,0.0,3.742791,-6.9158497,-5.133118,0.0,-5.882294
-14.08013,0.16277525,-1.0208957,5.0641847,0.32095927,0.48504162,0.14390631,0.0,-0.43355355,-1.1553102,-3.0531836,0.0,-0.8213935
-32.630222,0.08949293,-2.8161898,2.041585,-1.9144244,0.4859528,0.18024027,0.0,-7.595224,-1.8262712,-5.0324197,0.0,-1.27684
-42.49239,0.18475233,-1.6984012,-6.7728257,-4.860375,1.7852889,0.21806765,0.0,-5.6827,-2.3546076,-7.063337,0.0,0.24255866
-34.046036,0.18475233,4.053866,-1.9631796,2.696904,2.1941872,0.42336336,0.0,-5.260421,-1.7078032,-5.0940437,0.0,1.3703564
-53.13734,0.013425269,-3.7113998,-5.3286533,0.6446537,0.21109596,0.17148677,0.0,-6.1582785,-1.8223958,-11.391716,0.0,-2.208775
-28.812105,0.13750665,-0.7271118,-7.3518786,2.4902956,-0.035012312,0.23549692,0.0,-6.3147845,-2.7165737,-9.354718,0.0,-2.3054502
-29.257784,0.15410621,-0.94575465,-7.1828914,-1.1014307,0.16180651,0.18914093,0.0,-4.4724693,-2.7474144,-4.377635,0.0,-5.062832
9.973666,0.06159634,-0.67642903,-4.174745,-1.8197843,0.57119054,0.15503934,0.0,1.7730341,-3.5750885,-7.2032127,0.0,-7.083297
45.46756,0.09208731,3.720337,-3.4408276,-0.10751124,0.5862117,0.29073745,0.0,5.757338,-5.3423405,-2.7881637,0.0,-3.6821194
32.6048,0.15874669,1.0409248,-2.6083426,-3.2649863,0.5368588,0.28864852,0.0,0.92989206,-6.209881,-10.027377,0.0,-6.9067674
47.24352,-0.11876406,-6.6181493,-1.5311549,-1.3558414,0.5107591,0.27147216,0.0,4.019623,-4.46918,-12.19552,0.0,-6.4593883
12.664783,0.1431153,0.33910656,-1.6271381,-2.230174,0.58662874,0.11288717,0.0,6.4063163,-2.762389,-4.430672,0.0,-4.8363543
-26.412907,0.28169855,-2.1608386,-7.140624,-1.061742,-0.03653075,0.22021715,0.0,-7.671545,-1.7659993,-4.4783654,0.0,-3.3292828
-30.643536,0.08971735,-1.5344775,-4.1538873,0.11189359,0.85511315,0.19332328,0.0,-3.3062701,-1.4684634,-5.229228,0.0,-1.0270165
-38.092316,0.17334378,-1.6926283,-2.7242389,3.8715594,2.2117558,0.21370095,0.0,-4.684991,0.34195828,-5.659403,0.0,0.8700143
-47.07429,0.17334378,5.064729,-2.2893546,0.6371775,0.47042376,0.4760153,0.0,-4.2789693,0.12187268,-5.8695097,0.0,-0.43024358
-44.965042,0.0020167092,-2.4322445,-3.8116553,0.3863432,1.3200583,0.26719776,0.0,-5.6887436,-0.85232854,-13.122972,0.0,-3.4792433
-29.867174,0.13750665,-0.96414423,-4.070197,-1.1644229,0.22793008,0.22382565,0.0,-5.4409356,-3.3733327,-7.1738973,0.0,-5.256378
-15.009062,0.23225872,-0.22856666,-3.498078,-3.1624649,0.63182485,0.16893813,0.0,3.3004267,-3.6004238,-5.463055,0.0,-6.857862
25.63332,0.26670703,1.3780295,-3.4996972,-1.8870493,-0.21289046,0.21527295,0.0,3.6705682,-6.420809,-7.3957677,0.0,-4.8668847
51.54156,-0.045647543,3.168138,-5.367376,-1.0251802,0.4219034,0.2842427,0.0,12.912761,-4.9659624,-14.632501,0.0,-6.2042956
28.541859,0.010179307,-2.6992524,-6.2247844,-2.0662663,0.6184648,0.27330932,0.0,0.8442905,-3.6146326,-4.3153954,0.0,-7.06801
13.562551,0.1431153,-1.9826869,-4.9676204,-0.70674,0.7102339,0.11288717,0.0,4.5518866,-2.4304252,-5.5046673,0.0,-6.1098914
2.797004,0.23302399,-4.407089,-5.8859787,-0.41758257,-0.027753785,0.22021715,0.0,-8.780757,-1.8704678,-6.0233173,0.0,-6.8476734
-45.09244,0.003264294,-2.8259935,-8.329941,-0.19310604,1.1507168,0.22940063,0.0,-5.8817086,-0.58258665,-4.9720216,0.0,-0.39618292
-40.24935,-0.063414626,-2.1316738,-5.7469525,1.4239422,1.1326725,0.2201479,0.0,-2.6588848,-1.355301,-5.007931,0.0,1.134419
-42.268368,0.013425269,-2.8464465,-6.757313,0.9668987,1.1507982,0.21626908,0.0,-5.7728033,-1.6083434,-7.6244516,0.0,0.3221505
-45.561707,0.0020167092,-3.9794078,-8.970976,0.22408634,0.8849099,0.24734525,0.0,-6.106679,-0.9684642,-11.997833,0.0,-1.4031029
-35.740204,0.20414162,-2.9110737,-6.692588,-0.09657724,0.9128235,0.23549692,0.0,-5.0755568,-2.1157598,-7.395925,0.0,-2.246899
10.711505,0.24694838,-1.46464,-6.7955813,-1.468866,0.38213587,0.13957214,0.0,1.4088782,-2.2985651,-4.3025537,0.0,-5.927092
14.594049,0.23225872,-1.2569835,-4.908738,-1.7947513,0.48651788,0.15276165,0.0,4.1583037,-3.2179506,-5.159368,0.0,-6.2130084
28.012333,0.14188449,-4.744929,-3.3908541,-0.31016275,-0.18311717,0.3064327,0.0,0.1458425,-6.657954,-9.337858,0.0,-4.425413
36.9679,0.15203281,-0.77877617,-2.7492971,-2.3604946,0.4258446,0.26593038,0.0,1.0104685,-7.2038803,-9.796258,0.0,-8.63133
19.681551,0.1735517,-4.4397,-5.558208,-2.1189356,-0.31512976,0.1873692,0.0,-1.0811129,-6.5419707,-7.7364798,0.0,-9.932457
17.853289,0.16293585,-3.197597,-2.3859398,-0.521544,-0.47210214,0.31978473,0.0,0.9134436,-3.846135,-6.019835,0.0,-5.9534755
9.398055,0.18735541,-4.5690475,0.5917802,-0.23189639,0.17149556,0.19258864,0.0,-1.1840404,-0.59191495,-5.162666,0.0,-6.7751174
-31.50983,0.24705502,-3.5749,-4.7646556,0.80092293,1.3623464,0.21553224,0.0,-5.376287,0.67588305,-4.503146,0.0,-0.68494034
-40.948612,-0.12812573,-2.1124582,-5.3493094,1.2708441,1.8581095,0.24162525,0.0,-5.2027807,1.3946183,-4.2530737,0.0,0.82661104
-51.264355,-0.1881993,-3.335866,6.438733,-1.7311476,0.6226997,-0.0095695965,0.0,-8.035604,-4.025277,-24.6041,0.0,-2.204986
-24.890251,-0.100457855,-3.8089848,-3.9301572,0.012094533,0.9002441,0.22153166,0.0,-7.8466444,-2.969365,-20.803791,0.0,-2.8099773
23.837868,0.45816615,0.54670537,0.8399294,3.5561724,-0.066034794,0.96191865,0.0,1.1331902,-4.0644946,-20.552198,0.0,-4.4719787
28.029228,0.13068847,-1.932456,-6.119406,-2.7334871,1.7373507,1.0782465,0.0,8.28766,-2.9374676,10.969985,0.0,-5.5059104
83.78778,0.28608337,-0.5680564,4.648595,-2.6692512,1.0775199,1.0532129,0.0,7.8252172,4.351601,52.10347,0.0,-0.6819858
89.21115,0.69690096,-0.7319255,-4.2260237,5.1986394,1.1731272,0.9772892,0.0,8.066646,7.9740295,53.69826,0.0,-1.894917
27.462797,0.33089948,2.5256195,-1.324711,3.8666935,0.12344435,1.1773832,0.0,3.1383126,4.709724,-6.2064247,0.0,-3.669616
-29.699224,-0.2383676,-2.6569333,-4.9942374,0.3857571,1.0723243,0.27068484,0.0,-5.648813,-1.1162719,-17.62255,0.0,-1.2990645
-54.990295,-0.037771296,-3.4042835,-1.8847884,-0.89976764,0.4737007,0.14802046,0.0,-7.2134495,-2.50613,-21.525988,0.0,-2.7860546
-53.632534,-0.2383676,-3.310716,-0.09023309,-0.27764747,0.46522185,0.12889878,0.0,-7.5508347,-2.8589659,-23.497095,0.0,-2.0833507
-25.345156,-0.10111344,-3.105966,-1.2103549,2.0044403,0.80968267,0.22115806,0.0,-8.178031,-2.7771657,-20.716213,0.0,-2.7039065
14.666306,0.1861154,-3.9370265,0.051050927,-0.24897909,1.0701454,0.261551,0.0,3.4973156,-1.8526378,-12.532837,0.0,-4.6830387
80.02047,0.123951234,7.4492784,-5.623967,1.2309666,0.23007883,1.3243097,0.0,3.7849257,0.23028699,42.73881,0.0,-5.6383147
75.29017,0.1694949,-4.26804,1.0695838,0.68602616,0.86549306,1.043512,0.0,4.3547153,4.0706053,45.22573,0.0,0.31781185
86.85398,0.64452815,0.13340351,1.8421121,3.878288,1.2672555,1.0070451,0.0,8.701808,8.9971,57.92857,0.0,-1.4813148
32.09229,0.49016714,2.374255,-3.9551964,-0.97582656,0.16289894,0.6702772,0.0,5.279214,5.576913,-6.9142556,0.0,-4.713248
-16.813921,0.21609615,-3.4132483,-4.269498,3.712729,0.7854764,0.2846901,0.0,-8.311809,-2.986192,-16.216146,0.0,-2.4029484
-54.422836,-0.037771296,-3.002657,-4.744913,-0.33294323,0.50327194,0.13803475,0.0,-5.919796,-2.4892135,-20.632057,0.0,-2.7130997
-53.823383,-0.04246504,-3.2448494,-2.9866867,0.15766507,0.5023872,0.20107271,0.0,-5.986916,-2.4279852,-25.789623,0.0,-2.898631
-27.31875,-0.100457855,-3.5121894,-6.335122,1.4545375,0.423767,0.21915302,0.0,-8.582126,-2.6552525,-24.470009,0.0,-2.9012208
15.258356,0.19648607,-1.1425607,-4.4918694,3.3408463,0.8785916,0.11005747,0.0,-4.6116285,-3.6940916,-19.832325,0.0,-5.053513
33.36862,0.7677115,3.1913092,1.8681695,2.9844131,0.8608379,1.1241385,0.0,4.989259,-4.803642,-8.533907,0.0,-7.494138
62.84616,0.05720222,-4.5449495,4.9135027,-2.4688914,0.7476374,1.0476328,0.0,2.7070224,3.091585,35.013554,0.0,-1.0797703
65.31398,0.28608337,-3.2064452,3.591151,-0.7577006,0.95269334,1.1183865,0.0,2.8892472,1.7974708,35.423668,0.0,-3.3861368
28.200766,0.35523602,3.07469,4.6170006,4.005443,0.5257225,1.3089914,0.0,3.2477238,6.1554155,-4.0414352,0.0,-3.6169784
-23.626078,0.27568993,-2.4016373,2.8336356,1.0843248,1.2596008,-0.016732292,0.0,-9.305335,-2.9977388,-14.101746,0.0,-0.062416803
-51.477966,-0.1881993,-3.5884702,7.8583274,-1.9892571,0.6139964,-0.06397744,0.0,-8.65069,-3.668969,-19.790241,0.0,-2.3815398
33.45916,-0.05837573,0.77352947,7.8067813,1.7972798,0.5618896,0.42028943,0.0,4.974046,-4.553133,-9.628225,0.0,-3.7302449
-8.709513,0.1924499,-1.3149976,11.154116,2.126177,0.5185667,0.16541137,0.0,2.8770645,-2.414884,-6.6784244,0.0,-4.5953565
-24.797478,0.1821307,0.27106726,15.284088,0.119260825,1.02648,0.5115272,0.0,-0.94951403,-0.8507925,-13.467465,0.0,-0.3225677
-39.954197,-0.04797164,-1.788141,15.38224,0.6554962,1.1866218,0.29245356,0.0,1.7718847,-1.760803,-16.08633,0.0,-5.588955
-30.684774,-0.04797164,-1.4180896,12.625994,0.82784075,0.957667,0.4054137,0.0,3.2286198,-1.9514682,-15.267494,0.0,-5.6968913
-23.928684,0.21385491,-2.0206692,8.356705,-0.8384335,0.9234423,0.07342122,0.0,2.0631905,-3.069445,-17.882017,0.0,-5.514114
16.997305,0.28403035,-0.75690556,6.086686,-2.677863,-0.21920224,0.4898853,0.0,0.901272,-5.7739754,-27.457623,0.0,-7.4973974
44.94577,-0.06190714,-4.387928,8.513507,-1.386667,0.49197438,0.5695574,0.0,0.15577677,-6.665397,-19.386332,0.0,-5.037026
44.95209,-0.63389987,-5.1269984,14.929886,-0.2284592,0.55786365,0.5684102,0.0,1.5510924,-5.4732122,-8.156317,0.0,-4.993372
45.99963,-0.6428278,0.48074618,4.8586802,-2.8694232,1.009512,0.54459065,0.0,0.6820146,-5.8094378,-12.885756,0.0,-4.485802
47.383537,-0.63389987,1.505863,18.376396,-3.826224,0.54203606,0.3899293,0.0,1.9136808,-5.71144,-13.77133,0.0,0.49116015
42.07167,-0.6285618,2.852213,8.35664,0.55132014,0.52103716,0.41588357,0.0,6.4078975,-5.5798864,-17.325834,0.0,-3.2551408
31.74896,0.17155914,-5.145488,8.060755,-0.57237774,0.54893726,0.42028943,0.0,4.769706,-2.63738,-7.381372,0.0,-4.1244707
20.62692,0.28635624,-0.84954077,5.7118707,-3.384623,-0.4391033,0.2250963,0.0,0.32155156,-6.055174,-12.221845,0.0,-8.552537
-9.302442,0.21385491,1.1251459,19.419638,2.2580109,0.6555869,0.36424512,0.0,6.5004926,-0.93488514,-8.058304,0.0,3.004808
-34.446175,-0.26129612,-1.9643338,6.82505,-0.77853245,0.7537987,0.2820289,0.0,1.1493189,-3.310172,-16.119331,0.0,-5.009972
-32.087185,-0.26129612,-3.091086,9.887477,-1.0415132,0.9443439,0.13949002,0.0,-0.24869111,-2.3300889,-16.693607,0.0,-5.250505
-15.267171,0.21385491,-2.1278894,8.631713,-0.39640298,0.95231986,0.07342122,0.0,1.2946367,-2.8095462,-17.432947,0.0,-5.365773
18.455524,0.2951811,0.31303358,6.409953,-0.7742135,-0.60177374,0.31287616,0.0,1.3838532,-4.8462815,-17.932981,0.0,-7.2016664
44.06894,-0.11035997,-1.6958798,4.5547667,-3.0993438,0.9296736,0.5447504,0.0,0.115225725,-6.3118005,-17.148468,0.0,-5.3793683
48.023792,-0.6048309,4.18596,15.346559,-0.09926022,0.46782896,0.41473636,0.0,8.137069,-5.2165165,-14.410709,0.0,-5.3378963
46.121655,-0.63389987,1.6191707,18.713587,-1.3642311,0.49554157,0.41473636,0.0,2.4059615,-5.5939374,-12.872233,0.0,-5.252436
45.042076,-0.6048309,2.5105348,10.333443,-0.94572365,0.54203606,0.41473636,0.0,6.8438344,-6.560381,-16.315002,0.0,0.18078515
39.390083,-0.6048309,-0.35465372,4.9909205,-4.689681,0.53881866,0.3910765,0.0,0.31835574,-6.3337502,-20.723423,0.0,-3.5821035
32.93558,-0.08158885,1.4016004,14.729107,-2.4265084,0.5476803,0.3910765,0.0,5.788424,-4.018472,-4.6923757,0.0,-3.805521
28.182238,0.36129072,1.5535145,16.815308,0.8279056,-0.254471,0.29995218,0.0,5.0360746,-6.810033,-9.95021,0.0,-7.9002953
-9.800226,0.21385491,-0.040084,17.375437,0.61406,0.942887,0.41490045,0.0,6.365403,-1.6114756,-7.8441887,0.0,2.6518028
-33.159058,-0.26129612,-0.6472301,10.155241,0.19547543,0.76076645,0.35407624,0.0,2.2403436,-1.5452994,-13.8073845,0.0,-5.07614
-31.366364,-0.26129612,-0.87694776,13.663361,-0.24946278,0.9612426,0.3939577,0.0,2.8976734,-0.7954495,-15.3025055,0.0,-5.9391785
-20.369122,0.21385491,-1.9249936,15.923429,0.08996677,0.84447294,0.31790698,0.0,2.2271266,-2.9407299,-16.335163,0.0,-5.522139
18.59217,0.3576583,-0.8120841,4.0463586,2.2002265,-0.6272589,0.3929667,0.0,-0.21261416,-5.7115407,-28.004206,0.0,-7.12112
25.867851,-0.03464485,-0.95369506,5.5640783,-0.9441126,-0.07063155,0.41588357,0.0,5.7364926,-5.242497,-5.89584,0.0,-4.5147767
43.208366,-0.6285618,2.531239,8.192792,-0.96525437,0.38922718,0.5684102,0.0,2.6427603,-6.4634852,-16.247446,0.0,-5.157448
42.791546,-0.6048309,2.294693,6.7755218,-3.4049864,0.5673172,0.3899293,0.0,3.7132747,-4.452642,-14.977482,0.0,-5.052549
43.97479,-0.6576308,2.814238,11.635154,-1.1967285,0.5428795,0.41473636,0.0,7.011293,-5.9075985,-15.332189,0.0,0.051855184
42.643993,-0.6285618,2.8155806,8.723144,-1.245893,0.52103716,0.41588357,0.0,7.466253,-5.5916767,-17.281214,0.0,-3.1386957
47.291416,-0.10531974,0.99005055,9.6022415,0.68018794,0.52663994,0.3570973,0.0,7.080995,-6.0957136,-16.23061,0.0,-4.5731454
16.654959,0.25309157,1.1083504,10.4635725,2.6847904,0.7011888,0.25884062,0.0,3.3851929,-2.789746,-6.5012946,0.0,-4.7970357
-35.376293,-0.04797164,0.120851666,16.998192,0.50709504,1.0460566,0.5129127,0.0,0.9545249,-1.4731326,-14.0892725,0.0,-0.061780915
-32.720947,-0.04797164,-1.368544,12.07335,1.0257869,1.0222809,0.3939577,0.0,0.67668986,-0.72100466,-14.63041,0.0,-5.004256
-31.084208,-0.04797164,-0.7092114,12.105859,1.006991,1.1869025,0.29348487,0.0,1.4893736,-2.621397,-16.297777,0.0,-5.753731
-19.176254,0.21385491,-1.7536737,12.032968,0.07357665,0.8626094,0.42983577,0.0,3.710601,-2.78055,-14.88467,0.0,-5.511629
11.879452,0.23183419,-2.409358,7.4702415,-0.86706483,0.5738002,0.5560298,0.0,-0.988191,-3.1714184,-17.632406,0.0,-5.519427
39.7954,-0.03464485,-0.5163807,5.1647553,-3.2447913,0.47712442,0.3910765,0.0,0.4320098,-7.2537484,-16.144428,0.0,-3.1029022
42.79661,-0.6048309,2.3876195,5.2739506,-5.1683,0.4326209,0.3899293,0.0,5.470056,-5.533175,-19.129305,0.0,-5.4944863
38.623497,-0.63389987,-7.9424605,6.636338,-5.036502,0.67648405,0.3600205,0.0,2.048834,-6.2522616,-11.065583,0.0,-5.1892357
42.83377,-0.6576308,2.7337408,11.321167,0.6152975,0.5428795,0.5684102,0.0,2.8240836,-6.652219,-15.057291,0.0,0.06845317
43.594425,-0.6285618,-2.1177788,8.472123,-0.15219903,0.6110719,0.41588357,0.0,7.880047,-4.0735354,-12.599709,0.0,-2.8240035
45.512627,-0.08908941,-2.244778,8.771055,0.9064284,0.5227743,0.3570973,0.0,6.5809283,-6.038932,-17.631052,0.0,-5.4723697
13.041883,0.13680121,-0.0030063353,10.13082,-0.058586054,0.6810156,0.19818433,0.0,2.6635318,-2.517303,-6.8143463,0.0,-6.1471953
-17.687197,0.19012402,0.294498,13.558155,-0.8308423,0.8604916,0.5115272,0.0,6.5013905,-1.3110881,-13.030508,0.0,2.802396
85.683525,0.37646487,-2.4031594,-3.9743605,3.0597146,-0.5163172,-0.023928352,0.0,-0.78430045,1.4466588,43.24572,0.0,8.547134
2.9213002,0.0657286,-1.8984736,-5.81921,-0.14109498,-1.1802559,-0.41852775,0.0,-0.8100954,7.886931,4.6498194,0.0,-1.2878588
-40.374702,0.12428307,-0.27998948,1.4543754,0.27642637,-1.0604413,-0.2770043,0.0,-4.1235046,2.0098176,-3.9926813,0.0,-2.393191
-40.60641,-0.37819335,-2.366634,0.7768794,-1.4470545,-1.1102533,-0.38753417,0.0,-3.3412309,0.67671627,-4.405219,0.0,-2.5059342
-54.163887,-0.063414626,-2.158316,-5.5330667,-5.221355,-0.94757295,-0.5003898,0.0,-2.8461587,-2.9290643,-12.655103,0.0,-0.7813403
-35.10023,0.21642442,-0.43989438,-7.056186,-0.016027274,-1.1184859,-0.116583034,0.0,2.165229,-1.4923451,-8.930687,0.0,0.1078123
39.80488,0.18573222,2.4080868,-6.210329,-0.5535676,-0.09755807,-0.15719107,0.0,1.3836204,4.6740003,34.793358,0.0,10.733656
48.568653,0.32785463,9.42153,-4.0094094,-2.050422,-0.32189137,-0.14789873,0.0,4.337704,0.10652649,20.557817,0.0,8.887297
47.64873,-0.53208256,0.3906917,-8.905441,-0.949656,-0.6139531,-0.12522523,0.0,0.6979213,9.39151,31.262762,0.0,3.9464142
24.049866,0.011586644,-3.9867094,-8.282453,-0.5993492,-0.273342,-0.11354497,0.0,2.3594356,2.6227477,23.08408,0.0,3.0352137
-47.10957,-0.37372306,-2.797248,-6.143344,-0.62013555,-0.90827453,-0.07895282,0.0,-2.658987,10.9595375,-2.9767003,0.0,-1.7962954
-60.287174,-0.30135348,-4.7063284,-6.127834,-1.1209121,-0.53860134,-0.14867532,0.0,-5.12046,1.1643609,-4.9082103,0.0,-0.6708973
-49.52869,-0.21205157,-2.0177028,9.192826,-1.341901,-1.0196896,0.059765093,0.0,-7.0791492,6.539005,-15.813323,0.0,-1.433064
-53.201454,0.0020167092,-3.9088032,-7.0974393,-1.2834679,-0.78855205,-0.44917926,0.0,-3.344626,-1.5606595,-12.927115,0.0,-0.7901335
8.961005,0.16463514,-5.695018,-6.960241,-3.012095,-1.9481672,-0.10600966,0.0,1.6039256,-3.801383,-10.897839,0.0,1.0160563
21.074486,0.37332988,-20.620811,-4.4083347,-0.6982665,-1.5706465,-0.16773583,0.0,2.1398473,3.3023012,18.945553,0.0,8.690136
61.501945,0.21220255,-15.815704,-5.9143596,-3.5235116,-0.69256496,-0.1317247,0.0,7.6181836,-1.9963171,12.432956,0.0,7.1647787
68.136,0.21153623,-20.859215,9.7951765,1.7643151,-0.78016126,-0.081992015,0.0,1.7614484,6.5217643,4.3403287,0.0,9.846159
-11.453848,0.06728974,-1.538837,-5.0804114,-0.35165638,-1.9170425,-0.5161095,0.0,-0.15075116,3.8592649,14.980267,0.0,-1.205848
-46.600204,0.29178345,-1.5980505,1.1791925,1.0573449,-0.61626494,-0.026478127,0.0,-0.886775,10.243654,-4.242442,0.0,-2.4962177
-44.71428,0.0663629,0.1835316,18.558252,1.9615984,-0.49353647,-0.04973517,0.0,-0.09937636,3.4210556,-4.5051303,0.0,-0.697008
-41.585815,-0.074823186,-1.2254038,-2.4473164,0.22893903,-0.7881103,-0.17660147,0.0,-0.7223263,-0.584712,-9.14718,0.0,-0.7581195
-22.660555,0.26509902,-1.3422359,-6.838746,0.20451769,-1.1581641,-0.059636056,0.0,1.4601705,1.2889398,-3.482192,0.0,0.7547754
26.049675,0.053152643,0.6692884,-6.989206,0.10887316,-0.42681137,-0.12147432,0.0,2.5257177,3.1566641,27.78617,0.0,10.334198
43.073,0.25501373,1.9958007,-11.539437,1.2744381,-0.3523286,-0.054516334,0.0,2.2279563,4.4971213,21.576551,0.0,10.108727
19.391247,0.3786504,-4.110303,-12.136366,-1.9092385,-0.062190097,-0.07930685,0.0,1.1406815,3.9728942,14.936396,0.0,5.436899
38.870716,0.022776693,2.5472333,-2.6607754,0.75812876,-0.6700242,-0.17476735,0.0,-3.2460659,5.45765,25.55532,0.0,0.070631176
-31.53115,0.25554204,-0.39786923,1.3962302,-0.24793342,-0.7486421,-0.061816845,0.0,-5.1459246,14.609339,-0.8399593,0.0,-1.7944825
-42.288036,-0.2982392,-1.0774142,15.8320675,0.15609485,-1.4075271,-0.047998313,0.0,4.9512024,2.3353624,-2.8781888,0.0,-2.4764454
-42.755844,-0.34292606,-2.4270828,-6.68348,-0.8470473,-1.1622304,-0.036431577,0.0,1.1729182,1.7525481,-6.6916094,0.0,-1.3223876
7.4501023,0.26509902,-0.008333124,-2.6952748,2.887267,-1.3775486,-0.04621039,0.0,2.812622,2.1630087,-7.5866094,0.0,-0.05642526
81.64636,0.29594645,-17.369778,-6.586977,-4.70204,-0.7873057,-0.13061188,0.0,1.8247685,6.344273,41.962093,0.0,14.087157
58.168514,0.34155226,14.280363,-3.6104546,3.56471,-0.06550328,-0.0371122,0.0,6.905864,0.32429227,22.815985,0.0,9.897784
60.619728,-0.6069644,-2.8281791,-12.364895,0.92200595,-0.4770457,-0.06828732,0.0,2.3241858,3.282645,27.080196,0.0,4.0713696
31.0529,0.035479106,0.63915884,-6.7666683,-0.6954657,-0.64398,-0.05291817,0.0,2.806803,7.6405263,21.400166,0.0,1.4577938
-21.68784,0.23412937,0.1417372,1.7137258,0.7482271,-1.0103421,-0.02057147,0.0,0.61934125,17.751862,-1.7843077,0.0,-1.0758057
-57.170883,-0.12812573,-2.2533214,-6.2300406,0.16420676,-0.5732412,-0.13981828,0.0,-3.9353087,1.4617826,-3.6472738,0.0,-1.2999396
-32.306873,-0.0053085303,-3.2434049,-3.7392292,2.880846,-0.48169875,-0.14294139,0.0,-0.9979175,-2.2167811,-9.812485,0.0,-0.285596
9.544895,0.26509902,-0.025474101,-6.8261333,-0.7866654,-1.515292,-0.0898179,0.0,2.9909244,-1.589681,-5.958894,0.0,1.0767006
39.585342,-0.026355624,3.9674234,-9.046999,2.0010605,1.1527078,-0.16991317,0.0,9.502698,-0.13887289,31.495377,0.0,10.797205
71.14617,-0.111785434,11.023466,-0.4969466,-0.7024249,-0.3594857,-0.63503206,0.0,4.802563,7.752387,53.275276,0.0,11.61388
56.21506,0.92142534,-2.5615494,-4.565171,0.61041725,-0.59339726,-0.12522523,0.0,2.617631,2.96424,33.586872,0.0,6.004067
4.0502257,0.13735956,-1.8395805,1.0665766,1.5339277,-1.0573057,-0.046537742,0.0,2.0370047,1.9489039,5.1132927,0.0,-1.2533355
-44.837284,-0.30135348,-0.8629641,-1.8164681,-0.44717252,-0.47030038,-0.10895766,0.0,-4.168123,10.463665,-3.958956,0.0,-1.6238143
-54.665443,-0.2994528,-4.018376,-5.097738,-0.75886923,-1.3932465,-0.15508352,0.0,-2.780363,1.5576991,-4.726584,0.0,-2.904914
-38.061817,-0.074823186,-0.3342059,-3.362054,3.8914168,-0.51532835,-0.42444187,0.0,-2.1390398,-0.010769933,-6.556606,0.0,1.0194638
15.329658,0.17944106,-0.08595444,-5.2022996,-1.1311947,-2.1590865,-0.12449406,0.0,0.7352967,0.22702663,-5.310361,0.0,1.9961514
89.23881,0.28012398,18.234413,-2.2533014,-0.59267557,0.84539986,-0.068860166,0.0,6.375518,11.887544,59.67476,0.0,17.035427
116.977554,0.7749114,27.737387,25.226227,5.753974,1.1205357,-0.106193915,0.0,11.950865,14.154698,74.13396,0.0,21.893509
111.896454,0.37118316,23.977968,37.72337,6.3493443,1.1527662,-0.05343084,0.0,9.08291,17.075304,62.428967,0.0,21.57962
47.620747,0.46086183,4.615246,27.304363,1.8376379,1.1686742,0.4429313,0.0,10.757455,30.298386,4.7928114,0.0,8.3963175
12.214938,0.22720961,-0.8433372,6.247861,4.932563,-0.76879096,-0.083280906,0.0,4.3275604,4.092412,-2.973019,0.0,0.4919247
-57.55568,-0.2994528,-2.1681657,-0.7709928,-0.3839911,-0.5750256,-0.14124414,0.0,-4.7190013,1.724548,-4.9831758,0.0,-0.5072148
-41.10782,-0.08257614,-1.9902701,-4.6226063,-0.3215269,-1.4860846,-0.10768674,0.0,-1.3286391,-1.0224937,-12.391316,0.0,-0.2312219
-36.216476,0.25626796,-3.4717722,-8.331102,-1.1730839,-2.0744414,-0.116583034,0.0,0.29935977,-2.907496,-9.917236,0.0,-0.29997545
20.331835,0.14304918,-9.292019,-4.6032133,-2.673276,-4.461233,-1.3133314,0.0,-3.5749133,-4.9324083,-50.953426,0.0,3.8683286
45.452293,-0.6214881,-32.78578,-10.070313,-6.2639227,-1.5132564,-0.14789873,0.0,-12.807061,0.66383433,-8.27349,0.0,3.6956923
6.254453,-0.010182153,-32.121967,-11.204682,0.4869781,-3.1954947,-0.11568357,0.0,-10.831574,3.4855871,-0.12140566,0.0,2.967242
-5.985962,0.057863005,-2.8886914,-9.55989,-3.5772474,-3.8931625,-0.38268283,0.0,-1.7277871,2.5024362,-15.95827,0.0,-1.4411688
-26.799988,0.22720961,-0.6282732,0.02036794,0.9855942,-0.9431088,-0.1128052,0.0,-2.9753163,5.5857363,-2.6983097,0.0,-2.4718552
-52.863075,0.0663629,-3.3075159,8.959607,-1.2344048,-0.45139188,-0.14184125,0.0,-4.070857,2.5880358,-3.0176978,0.0,-1.4313262
-38.88869,0.31634942,-0.46645373,-1.1493286,-0.3467789,-0.86272085,-0.18190512,0.0,2.2258403,0.065648444,-6.332875,0.0,-0.31354386
34.508312,0.15354821,-3.0238574,2.944015,0.18855548,0.14676356,0.047428235,0.0,3.1113076,-1.1095735,-5.4431996,0.0,5.6255546
79.30078,0.041692086,7.1227527,-2.3843045,1.0903071,0.18003543,-0.11444294,0.0,8.436385,8.249718,50.760124,0.0,14.250549
55.6147,-0.6274984,0.4224216,-10.589423,-2.9983134,0.038430177,-0.025306217,0.0,-5.9486566,-2.3309321,32.919594,0.0,4.4874725
88.21723,-0.044102557,-24.68258,-2.2545726,4.221017,-0.76952285,-0.1347149,0.0,6.8298445,6.518429,38.64259,0.0,10.90518
14.740797,0.38184643,4.1086364,0.63117605,3.1705782,-1.2638733,0.03880804,0.0,8.502572,7.2989836,-0.37867758,0.0,1.7705147
-41.09968,0.31444874,-0.08737089,-1.3629292,-0.27137727,-0.9386359,-0.39366323,0.0,-2.6729624,1.3623744,-3.215309,0.0,-1.1032495
-58.80219,0.28092024,-3.7516494,-2.456295,1.0363533,-0.39485005,-0.17757443,0.0,-3.2142062,1.051947,-5.9112945,0.0,-1.1617056
11.346287,0.16594166,-0.3508322,0.027314007,-1.2528554,-1.1286019,-0.116420686,0.0,2.4826987,-2.6428432,-9.676397,0.0,1.3600556
43.827164,0.053961515,0.858543,9.41808,-0.9179865,-0.4106841,-0.7276213,0.0,4.4874783,-2.2928228,36.970673,0.0,11.411064
73.67923,0.24597612,1.262882,3.784,2.5386918,-0.36917362,-0.13609275,0.0,3.555538,10.67431,47.56544,0.0,11.18539
85.65128,0.1761165,-1.1890904,-4.3358164,2.1546714,-0.3634832,-0.6458996,0.0,4.596767,9.985808,48.365532,0.0,9.200936
37.68901,0.04276532,0.18447807,5.608754,2.299887,0.3947375,-0.17803663,0.0,1.1831645,6.3675942,22.436918,0.0,2.6937478
-24.800726,0.27018142,-0.14150365,-1.1457,2.017499,-0.34083256,-0.09393889,0.0,-1.9093771,15.370291,-2.8577783,0.0,-1.5279915
-56.90376,-0.26139244,-3.3481307,-2.815083,-0.32871836,-0.40416768,-0.16479832,0.0,-3.8759966,0.80413216,-7.7896194,0.0,-1.3975316
12.161652,0.16997981,-1.3587242,0.6885795,-0.98498744,-1.4439945,-0.1273452,0.0,2.0669324,-1.7260079,-13.476745,0.0,0.6199204
50.167885,0.1761165,2.566033,11.988814,-0.39172372,-0.19868179,-0.3799455,0.0,4.42428,6.858497,34.594727,0.0,10.09665
53.415333,0.26818085,5.053151,12.674322,-0.6343622,-0.10531278,-0.0732053,0.0,3.8194077,4.918204,32.213493,0.0,14.718493
19.941404,0.28674325,-1.5977123,-7.843649,-0.47470176,-0.80643636,-0.17264572,0.0,0.5383307,6.2276797,18.929144,0.0,4.235572
9.652941,0.12526816,-1.880484,5.1205063,0.39644915,-0.7400381,-0.24239616,0.0,-0.421279,11.824806,13.060089,0.0,-0.8458999
-41.16475,0.32021683,-0.27035642,-1.7042394,-0.33280298,-0.9595377,-0.39366323,0.0,-3.5755508,0.78348,-4.571213,0.0,-1.741576
-60.057896,-0.26221877,-3.9532318,-2.1915472,-0.78496194,-0.38992503,-0.16637084,0.0,-4.8015676,1.1230778,-6.2070737,0.0,-1.8315068
