Air_temperature_base,Soil_temperature_base,VPD_base,SWC_base,Precipation_base,SOC_0_base,SOC_10_base,SOC_30_base,LAI_base,BS_base,PV_base,NPV_base,CI_base
-7.4356823,-8.413829,-0.8674942,-1.2026076,-4.0126762,3.7014387,-0.33100638,1.2085191,-5.3210187,4.295474,-2.5408266,0.65248126,-1.082384
-8.023449,-7.567436,-1.1305237,-0.1454755,-4.906882,4.197404,-0.23034258,1.5690867,-5.9162164,3.2477906,-6.467687,-9.547464,-1.5743077
-5.979436,-7.6867676,-1.0454199,0.22000663,-4.567384,4.333035,-0.32489294,1.4735235,-5.8458147,4.902924,-4.3291574,-8.169121,-1.0211084
-3.2360494,-3.7458022,1.2183113,-1.4989108,-3.5027246,4.579072,-0.39807934,2.4029486,-3.6233957,5.472816,-2.37975,-4.7014976,1.0739253
-3.4220958,0.2268494,0.7756359,-3.7515109,-4.0338726,4.185323,-1.5931782,1.858236,8.250463,4.5494766,7.5120997,7.217788,-0.30427772
3.7018187,0.085183494,0.44975606,-3.739201,-4.64388,3.9942682,-1.4238325,2.293236,10.404392,4.1889277,12.97484,11.329312,-2.0498455
3.5987468,1.7519855,0.7271375,-0.23805405,-3.9684808,4.4458213,-1.1628244,2.2749481,12.512136,5.095761,13.354372,13.262601,-2.9922087
-6.04432,-4.4303994,-1.3345749,-1.3502567,2.0147457,5.55249,-0.26828778,1.4285214,-3.9873528,4.5554924,10.864529,10.066571,-0.8805121
-6.0561724,-7.95893,-0.53710574,-1.126269,-0.3637214,3.5933034,-0.42579684,1.2361019,-4.8199143,4.178323,-3.3915417,0.15000455,-1.3101429
-6.347065,-7.867345,-0.83690804,-0.6397126,-4.028094,5.0548153,-0.2162763,1.6056736,-6.197863,4.0857725,-7.243936,-9.874923,-1.2411692
-4.463002,-8.177947,-1.1734698,-1.5160115,-0.1306394,3.555855,-0.18830253,1.6451792,-4.6766396,4.49441,-3.6166885,-8.638041,1.084868
-4.362593,-5.2505784,1.6239061,-2.2058542,1.2027093,3.8182073,-0.66127336,1.9338626,9.223608,4.0221796,-2.5208862,-5.2005773,0.6394961
0.16446403,0.48235506,0.41390577,-3.8504848,1.3797871,4.27771,-1.1127133,2.2252681,10.068601,5.743103,14.394245,16.23466,-1.7411202
-3.4617472,0.8026832,-0.1835391,-3.3754857,-3.4423773,4.944211,-0.7033103,1.8279495,10.528502,5.206558,17.16396,20.371326,-2.46017
-5.2559767,-3.3937936,-1.1681368,-1.8722677,1.6442459,5.635096,-0.102413274,1.5060197,-3.6027222,4.753623,11.040979,11.10726,-1.0358166
-8.032957,-8.63775,-0.79161745,-1.6357769,-1.10515,3.7449126,-0.3108023,1.1658361,-5.549188,0.2118092,-3.8577435,8.343346,-1.4086809
-7.0878077,-7.357762,-0.9266998,0.23808423,-3.8320487,5.1500363,-0.1679992,1.8053573,-5.9365892,3.367046,-7.4984064,-9.358225,-1.6696578
-4.382609,-7.639856,-1.539176,0.07570674,-2.0916185,4.816393,-0.25410545,1.6308428,-5.7700305,3.794665,-6.8662233,-9.931157,-1.0918751
-3.7707415,-5.806562,-0.31988183,-1.9220818,1.6851456,4.2204695,-0.40978545,1.9151869,-3.8893244,4.7473793,-3.191518,-5.638249,1.106089
-5.623335,-10.018972,0.60748804,-4.43719,1.6298457,4.1379347,-0.81370443,1.5329851,7.805206,3.1467597,7.07838,6.663844,-0.026773129
4.9939575,0.41507548,1.7150724,-3.6772945,2.4949389,5.1785088,-0.5993685,2.3832955,11.243659,6.942823,17.264095,19.28735,-1.7919703
-2.233256,0.56595767,-0.4461915,-3.3178473,1.5957302,5.2784605,-0.7225705,2.0589314,11.226219,5.939119,17.500479,21.575325,-2.5638597
-5.858283,-3.099079,-0.12451667,-1.9784611,2.5064335,5.466969,-0.072555766,1.3394198,-3.571695,4.644297,11.023891,10.170965,-0.995293
-6.5416136,-7.703389,-1.2719346,0.2563259,-0.2435503,4.501999,3.151264,1.7327994,-5.838659,4.8975368,-3.1963272,-2.9080591,-1.6538882
-5.8269467,-7.6328163,-0.94517314,1.5345181,-4.502637,3.9680743,2.8349001,1.3144237,-6.76493,-0.18981779,-6.5439296,-9.335589,-1.5546559
-4.680008,4.276386,1.992187,0.08159249,-0.26002136,6.4447994,4.8232975,2.7908912,-4.6581583,4.9266477,-4.636434,-8.982824,-0.43769932
-0.7518887,1.2510655,2.0188935,0.24921992,1.0139312,5.950452,4.310372,2.2009676,12.381562,7.043065,-2.404615,-5.2769275,0.60125744
8.578207,3.8742957,3.879413,1.5560344,2.4584477,7.1399765,4.3947363,2.3629189,15.276699,7.8525853,14.152827,14.133111,-0.42764214
9.022908,1.8878971,4.085383,2.3139071,0.9351406,7.139627,4.9023,2.285329,15.799463,8.191573,13.611805,13.66111,-0.5452603
-3.778607,-1.4418117,-2.1806886,0.33685344,2.0392947,6.289662,2.920889,1.5096225,-5.2784166,4.2048054,3.2725897,-0.20529172,-0.9542465
-6.4543185,-6.800236,-0.53866476,0.4902125,-0.21360219,4.756473,3.0675118,1.6007224,-6.0030217,-0.054433733,-3.436473,-2.0663397,-1.2147466
-4.7680097,-3.013607,-1.0356246,0.64422405,0.09718892,5.81704,4.3721323,1.9371558,-4.7652254,0.13490872,-5.748881,-8.313762,0.04201256
-1.3030288,4.076096,2.770286,0.004444329,2.7460563,6.7061296,5.2119794,2.8538191,-2.5722451,8.082893,-2.2595825,-3.9002905,1.4229227
1.3258833,1.8614397,3.5152967,0.30360243,-3.7339902,6.515997,4.60871,1.9939245,13.00177,6.9399185,10.084713,8.092305,-0.40048137
-4.7530074,0.93557465,-1.274121,0.5916376,-0.36017135,6.2244835,3.5892296,1.9640073,12.500538,5.624109,9.186315,9.349184,-0.5439593
-4.465395,-4.4801545,-2.1024306,-0.114539675,2.6677098,6.2425747,2.8775916,1.4385569,-5.9934783,3.7738166,3.2787464,8.363328,-1.2337676
-6.5793486,-7.3015633,-0.8766014,0.37411016,-0.38809627,4.2746515,2.6578782,1.6078547,-6.0383234,-1.3255149,-3.5071967,0.6882928,-0.89693123
-4.1066046,-6.553624,-1.1594489,-0.29976824,-1.5809383,5.343222,3.5921974,1.8763419,-6.4195657,-1.8672445,-6.9898677,-9.460231,-1.1257684
-3.7124503,-4.0326524,-0.06323538,-0.59448975,1.9300927,5.1765842,4.142013,2.093506,-4.968269,0.09583724,-4.076531,-8.792466,-0.6801964
-3.2039065,0.1469887,1.0236682,-2.208165,0.91535276,5.2882648,3.1054168,2.0210564,9.102559,4.634387,-2.0334198,-4.816172,0.20337607
2.737197,0.72755194,1.0147486,0.61665255,1.3306353,6.702007,3.5091918,2.2333329,12.239695,4.8846865,10.6881,11.379515,-0.53387016
-4.6450114,0.7357443,-1.6782773,-0.6101495,1.0943259,6.0297327,2.861159,1.9213396,11.881602,5.2013793,10.17545,10.052337,-0.6018945
-5.465267,-5.6490808,-1.0831307,-1.3704474,1.8823832,5.9941406,2.2880678,1.3194405,-5.984481,3.3711426,6.739816,7.7678595,-1.3364296
-5.7585006,-7.4117184,0.37469912,1.0518587,1.9344321,4.258863,3.452367,2.8907297,-4.5882382,8.06297,-2.436143,-6.8441534,2.2993362
-2.70183,5.361243,2.9034617,1.4132376,0.35982466,5.690736,4.972932,3.994348,-3.5646126,8.981562,-1.0080738,-2.3766952,2.5857074
-0.95037705,1.7787787,3.8401432,0.28064007,2.3310947,6.095247,3.7255285,3.497077,13.416086,8.158956,8.86275,8.829567,1.1706147
7.259225,1.6540242,3.505431,-1.4877894,1.4161698,6.4738183,3.5366712,2.980257,13.222903,8.193501,14.331341,11.860689,1.7445825
-4.5624566,1.3063915,-1.5894889,-2.6032617,1.6924987,5.9667726,2.3632746,3.2548385,11.248512,5.334011,13.254948,8.775792,1.4847326
-6.057821,-4.143832,-3.1322877,-2.3824065,-0.01799341,5.1938653,1.9342753,2.0739322,-4.0206885,3.6241775,9.297464,9.190708,1.0632849
-8.330096,-7.862269,-0.87927586,-0.56864065,-2.7761383,3.4970374,1.8582455,2.7541306,-5.402478,5.2352824,-2.188193,-0.52402186,1.2376575
-8.277035,-8.204953,-1.26183,0.47305527,-3.0522902,3.6329405,2.691912,2.5747097,-6.062418,6.2715564,-3.2275043,-2.9556143,1.4771628
-8.975355,-7.987714,-1.3173236,0.6213288,-5.659161,2.5215254,1.5385057,1.7344056,-7.4862394,2.028225,-7.777656,-10.599694,-2.5146556
-5.7803845,-7.540004,-1.7791747,-0.58681583,-2.5570788,3.2269518,1.960349,2.0784147,-6.39326,-2.641915,-3.8895316,-7.8212957,1.0420382
-3.4013622,-6.3573365,1.306525,-2.287457,-0.1975403,4.8181496,3.9787421,3.1616194,-4.2594686,5.615285,-2.1853666,-4.612932,1.9797852
-4.822547,-7.9072223,0.49178782,-2.6528542,0.9942178,5.3050127,2.038998,3.0120358,9.399605,4.850314,7.367389,7.3992944,0.96736866
-1.818364,0.95506066,1.7583433,-1.4443704,2.221658,6.0554914,2.8884654,3.4174817,11.60738,6.9645457,11.610769,9.377716,1.597117
1.0860959,0.9698747,1.5773122,0.31387877,2.1295173,6.3618417,3.0285492,3.4281957,11.608833,3.059586,12.751319,10.875251,1.26867
-5.6565065,-4.082616,-2.644461,-0.19661541,-1.4420764,5.283908,2.2988763,2.0391984,-5.8988724,4.6062765,8.243852,8.806986,1.2581985
-2.652071,-1.9942961,0.19146957,0.39490667,-0.009269999,5.0937243,3.18589,3.2806423,-4.8958845,1.5616348,-1.5587748,7.795621,1.8078912
-9.12123,-7.108777,-1.1521195,-0.36560458,-5.925165,3.1573865,1.9178474,2.0360756,-7.0931997,-2.1306808,-3.7611258,-0.7320432,0.49472907
-6.4026003,-8.364163,-1.8877344,-1.8924028,-0.50293905,3.2248807,1.9316694,2.1078253,-6.2481675,-2.0261936,-4.2076597,-8.238899,1.1772437
-4.5104766,-10.09654,-1.8154564,-2.1809819,1.1266236,3.9211836,2.9928038,2.3992898,-5.133126,2.9849117,-4.2381244,-6.2851057,1.6650352
-2.7276661,-1.7735622,0.62692696,-1.3925041,3.309142,5.4237823,2.8871536,2.7865238,1.3671849,5.0728965,-1.1401132,0.9458122,1.9273626
-3.7432094,0.5630425,-0.48359814,-3.3473947,0.9580104,5.863687,2.1792064,3.238902,9.964441,3.7349756,9.984858,7.608635,1.394564
-3.2177799,1.0922703,-1.7778792,-3.7273924,1.4218525,6.4222627,2.1764717,3.267359,11.05386,4.1832485,15.746113,20.031801,2.044419
-3.6894708,-3.2713933,0.13420081,-0.6125053,3.4004781,5.378309,2.5646017,2.536989,-3.3786197,6.087341,10.045283,12.138662,1.5765349
-8.171474,-7.6663694,0.3499667,-0.9757938,-0.5997881,3.4817264,2.4482148,2.4782841,-6.0529346,0.39093983,-3.1243792,6.9362693,1.4917333
-8.165432,-8.549755,-0.7674416,-0.5503903,-5.0169196,3.3215077,2.0866494,2.2594447,-5.9293656,-2.7584152,-3.6321318,10.896093,0.68331313
-3.7453334,-7.9433265,-1.801111,-0.59231675,1.3258239,3.8356795,2.952628,2.624904,-5.485646,-0.98360264,-2.1778255,-3.3088887,1.6343589
-3.1072376,-4.0171895,-0.29044643,-1.0804782,2.027656,4.897562,3.4062061,2.6185863,-3.6479604,0.61894524,-1.7832681,-1.9062222,2.1389186
-5.062124,-8.685229,-1.1112552,-3.056722,1.6363631,5.516484,2.2346196,2.5877488,9.790234,3.5748947,9.610725,7.44962,0.716168
-1.2807605,1.1245931,1.9676635,-0.12269604,1.5648321,6.5803256,2.8143725,3.3668847,13.433707,6.736822,17.737757,21.26146,2.141356
-3.210647,2.166048,-0.68178934,2.0357368,2.0737317,6.627668,2.7642162,3.3220105,13.147284,5.173539,15.307902,17.625175,2.056665
-5.3674774,-3.9743893,-2.4277585,-1.7188903,3.3025439,5.6729155,2.4640722,2.272112,-4.218258,5.8128595,10.782,13.064436,0.91595423
-4.735809,-3.8854392,0.23979643,-0.6623087,-4.256557,4.478437,2.5986285,2.6769578,-6.0124965,-2.1007814,-2.4050562,11.710151,1.0779575
-9.345186,-8.815894,-1.2290475,-1.197033,-4.5523725,3.1497269,1.8600127,2.1283777,-6.815162,-2.593342,-3.5682418,10.09652,0.6378182
-3.8407168,-8.482624,-0.05456648,-0.3395252,-2.6788728,3.6583338,2.862041,2.408069,-5.043853,-2.3533387,-4.096483,-3.784265,1.1084776
-3.2960045,-3.8581586,-0.7477785,-1.1705121,2.1054482,4.9315267,3.19749,2.777054,-3.3556468,3.5071778,-2.3345428,0.9592511,1.7415158
-3.9122617,-10.52434,-1.361866,-3.3787987,1.2918167,6.1128464,1.9621133,2.4149747,10.216931,3.4296463,10.339133,12.771566,0.88528234
-2.987,0.7636447,0.80799407,1.3001655,1.0530299,6.3909,2.4947357,3.1695209,12.524928,6.7259564,17.435795,21.3873,2.2043853
-1.5107446,1.6027294,2.1467557,1.6521769,2.044639,6.9082313,3.3538878,3.2924747,13.359635,6.846389,18.117783,22.086365,2.0464342
-5.835728,-3.6561894,-2.7614162,-0.2801626,2.760951,5.41606,2.229895,2.2872956,-4.2286334,4.2685122,10.424136,9.913823,1.20215
-4.776855,-6.4716372,-1.7543174,-1.362109,-0.23291865,-2.943536,-1.0117648,-1.2613065,-4.4536943,-2.0117085,-3.3065634,-3.207492,-1.8900512
-3.886808,-5.906239,-0.1983986,-1.854295,1.1337045,-2.8626454,-0.92890555,-1.1777081,-4.306257,-2.2227523,-3.9139428,-3.1419854,-1.4305191
-3.6528673,-5.762805,-0.13347387,-0.8771651,0.48683608,-2.812956,-0.8973539,-1.2873994,-3.625394,-2.2616022,-3.6396952,-4.466409,1.4410645
-3.4725585,-5.4803123,0.67397654,-0.23826015,3.1336117,-2.6756387,-0.6384861,-1.2118547,-4.8964744,-1.1448872,-3.3552773,-3.725337,3.048141
-1.9449947,-2.4891648,-1.2153314,-0.8908365,1.715812,-3.8405771,-1.0483707,-1.3778774,4.6260448,-1.8700383,-1.6603804,-1.6713777,2.4158814
-3.083673,-0.22898279,0.018818486,4.4135427,-2.704029,-3.70423,-0.8949153,-1.3889008,15.187081,-1.4067136,-1.8205007,-3.9827957,2.1266289
-0.5275604,2.4013286,1.2733855,5.901634,-2.718539,-5.7031717,-0.99007565,-1.4373064,5.319413,-0.07478603,-2.4700508,-8.146861,3.8624792
-1.6818671,1.1583647,0.8010441,4.5801654,1.0148554,-4.1771383,-0.8845942,-1.5660021,-1.4603603,6.766991,-3.7109065,-9.954584,2.7866278
-3.684229,0.78297466,-1.1752305,2.7294142,2.1877604,-3.4329433,-0.96104443,-1.3224803,-3.1693966,5.407163,-3.6575153,-9.86842,3.3658772
-2.3877072,-5.097421,-0.14106789,-0.7196474,1.808044,-3.2546122,-1.3344705,-1.6814828,-3.5519996,4.8018284,-1.7539907,-5.0632186,2.784955
-5.199208,-6.9127846,-1.9175265,-1.2655044,1.8938615,-3.1893795,-0.96752137,-1.3498051,-3.334353,-0.48996788,-3.8136284,-4.68822,-1.4828398
-5.6559043,-6.590365,-1.1231711,-1.2063303,-5.628807,-3.2961588,-1.0291209,-1.3689333,-5.232517,-0.46292624,-3.8280692,-3.9798067,-2.2889075
-2.6224093,-0.32458672,0.82808155,-1.6843799,-5.6204066,-4.9552765,-1.0678642,-2.085549,-4.836079,-4.434091,-8.013607,-9.684428,1.5816139
-1.3192414,-0.10005731,0.3312901,-1.0063639,-5.6914806,-5.812397,-1.246093,-2.1226263,-4.991759,-4.721537,-6.6283646,-9.666564,1.016003
1.9126207,1.032201,0.62887573,-1.0868376,-5.0746875,-6.940485,-1.2821681,-2.1074064,-6.020385,-4.8371425,-8.344353,-10.866462,0.65902966
1.7867564,4.620336,0.5824452,-1.1235241,-4.337963,-7.3360243,-1.3717076,-2.1655083,-7.4610333,-4.688335,-9.145912,-11.88207,-1.069924
2.0122228,2.9162898,0.34090766,-1.2755026,-4.453169,-7.747293,-1.3327696,-2.145188,-7.16814,-4.367455,-8.994236,-11.558712,-1.5434861
-0.7503298,0.2796479,0.5178301,-1.0674812,-4.1809325,-6.460322,-1.3758457,-2.018786,-5.88204,-3.7025883,-8.08313,-10.382459,-1.519677
-1.8251915,-4.1013227,-0.65481144,-1.4154937,-0.24064279,-4.2184663,-1.0462266,-1.2929438,-5.958137,-2.6054735,-5.981093,-8.572954,-3.01586
-2.4884334,-0.009692128,0.8557637,-0.9289691,2.0180664,-4.6539555,-1.0581431,-2.1470683,-3.8928173,-3.996889,-6.4534507,-9.591182,2.5562224
-1.0332061,0.14687787,0.401678,-0.9778263,2.4126523,-5.530977,-1.4133655,-1.90109,-2.7743304,-3.5577574,-4.1919017,-2.5822377,1.779934
-0.299717,0.50898904,0.7914857,-0.7434763,-0.30977118,-5.7332344,-1.659101,-1.8910023,-3.6334999,-3.9794173,-4.042262,-1.8384888,1.0808631
1.9361553,3.1362753,0.15423511,-1.3870847,-4.968106,-7.5844254,-1.3681666,-2.1741185,-6.2228656,-4.7023726,-7.5630436,-11.400355,-1.1293044
1.8489362,3.0282207,0.42900932,-1.282667,-4.85845,-7.6500654,-1.3287922,-2.1509528,-6.3104696,-4.4285283,-8.535678,-11.075291,-1.4591291
-0.3842268,0.4084658,0.7195158,-0.73557955,2.187881,-6.252052,-1.2848383,-1.9664364,-5.007344,-3.6868358,-6.5319114,-9.418627,-1.6733886
-2.6277025,-3.2345035,-0.72269046,-1.9326845,1.6724997,-4.8916306,-1.379131,-1.448249,-6.704973,-2.7330275,-4.8749633,-5.2132673,-3.4553313
-2.1281328,-4.1081595,0.32824743,-1.4220723,2.502364,-3.7781117,-0.8666164,-1.5436614,-3.9613557,-2.8714006,-4.9704266,-8.454464,2.7402256
-2.1262302,0.4663181,0.97644585,-0.5559072,-1.7140259,-4.3160806,-1.4366584,-1.9798049,-2.7684686,-3.6124086,-4.7571287,-3.8467553,1.8870217
-0.6981428,0.9018081,0.55557555,-1.2017301,-4.2259083,-5.7267056,-1.6749902,-2.1436565,-4.2975087,-4.3213286,-5.546299,-4.350295,0.8077992
1.9640563,2.9901404,0.47773388,-1.0338781,-3.8012748,-7.7152386,-1.3961601,-2.1903944,-6.3764777,-4.2170243,-8.955896,-11.386595,-0.92833847
1.6640061,0.87328726,0.740221,-0.6550127,-2.5729885,-7.196282,-1.4189746,-2.0160725,-6.085993,-3.8641748,-8.4487505,-11.039543,-1.5271897
-0.9472195,-0.21401013,0.5793561,-1.386112,2.091652,-6.345273,-1.160934,-1.984089,-5.008417,-3.8117807,-7.73092,-10.103266,-1.6278862
-2.32209,-4.215742,-0.16610268,-1.569119,0.8573911,-3.9638305,-1.35245,-1.5179194,-5.4508076,-2.4318233,-4.377079,-4.537759,-3.153182
-2.346068,-2.4616792,0.5863184,-1.1057311,3.1145682,-4.5078864,-1.1568712,-1.6752943,-3.3099604,-2.6799672,-4.946837,-4.7712975,2.3897254
-2.4282866,0.5350827,-0.18631622,-1.2865856,2.7194388,-4.6615276,-1.2416801,-1.8067719,-4.54214,-3.0625966,-4.448853,-3.751687,1.8949057
-0.11096638,0.024349004,0.67479604,-1.7754102,-3.7402294,-5.5552297,-1.7111739,-1.921864,0.49092603,-3.883146,-4.063244,-2.2406526,0.863551
1.7974141,1.2303792,0.3404907,-0.95503646,-4.7411394,-6.7571616,-1.3935888,-2.1033146,-5.2367125,-3.7575688,-6.6101723,-10.988692,-0.99810153
1.5798484,1.3613889,0.32922664,-0.7862953,-3.8522747,-7.1217775,-1.3443112,-2.2063327,-5.8843064,-3.7768974,-8.996753,-11.846225,-1.5966841
-0.7487132,0.006397331,0.6593326,-1.2008269,2.4044926,-6.3111763,-1.2041873,-1.9759617,-4.931035,-3.4994748,-6.757324,-10.1119175,-1.8244249
-2.284059,-4.263297,-1.2227811,-1.6252329,2.2708135,-4.1872797,-1.2203376,-1.3559104,-5.371349,-2.2102745,-3.759408,-2.9281778,-2.886071
-1.7644819,-2.5303082,-0.14902487,-1.3486676,-0.008594651,-4.136918,-0.8535824,-1.411773,-3.3870273,-2.6557612,-4.9109035,-8.002609,2.5996025
-1.3480906,0.0102083795,0.54213166,-1.1593033,-2.977825,-5.4757404,-1.6563638,-2.0458472,-3.4344773,-3.5812304,-4.7542696,-4.8311896,1.56784
2.0054796,1.8277602,0.7723002,-0.82951516,-4.7833724,-6.568689,-1.2673063,-2.1125772,-5.179089,-3.929554,-6.376253,-10.709457,0.69399774
2.06259,3.0513697,0.99747664,-0.47406635,-3.7234595,-7.4064093,-1.3852416,-2.162845,-6.3200865,-4.066563,-8.821653,-11.66889,-0.9009533
1.9946938,1.3997929,0.5818837,-1.1214262,-4.341317,-7.138543,-1.3501408,-2.1473448,-6.1876726,-3.2639062,-8.684302,-11.502708,-1.6380699
-0.672392,0.4879709,1.3580694,-1.020827,3.4611394,-6.05648,-1.0968062,-1.9726553,-4.4953985,-2.2550106,-7.272693,-9.639092,-1.6911638
-2.4580038,-2.542308,0.5192796,-1.5232675,0.0046469215,-4.6510296,-1.5416286,-1.5326627,-5.1145406,-2.8482397,-4.6740413,-4.015002,-2.536291
-1.8342404,-2.2343307,-0.24028645,-0.5309587,0.505043,-4.17546,-0.92205256,-1.2551883,-3.8811967,-2.6049483,-4.5479126,-7.905472,2.7594543
-2.1953435,0.4370505,0.9914374,-0.8428511,-0.23285075,-4.347326,-1.6276058,-2.0532374,-3.2396789,-3.4327817,-4.0078244,-4.648294,1.8776276
-0.9428139,-0.030846562,0.5383921,-1.0611135,-0.6362759,-5.674175,-1.7849655,-2.1107588,-2.9330115,-3.603671,-4.6326456,-4.6079836,1.2464681
1.9262202,1.5762283,0.7866118,-0.26647142,-4.307621,-7.008148,-1.3945106,-2.1970527,-5.3693132,-3.7000785,-7.5563955,-10.099651,-0.95638037
1.9247818,1.616546,0.65691113,-0.60903597,-0.33400127,-7.0882077,-1.4523947,-2.0821865,-6.0444,-3.884251,-8.467631,-10.746303,-1.6482774
-0.740911,0.30829886,0.642712,-0.45051312,-2.336246,-6.4379005,-1.421618,-2.0501833,-5.0057964,-3.7513278,-7.6988354,-9.949589,-1.5433396
-2.19202,-4.269926,-0.6916102,-1.4026494,2.6555393,-4.3200064,-1.0586387,-1.4052287,-5.0123324,-2.3771722,-5.295532,-9.474131,-3.2901819
-2.5911107,-3.080127,0.5761452,-1.2067224,2.068494,-4.200506,-1.291462,-1.7844452,-2.8918846,-2.9195366,-4.7869086,-3.831577,2.2510386
-2.5053217,0.2335733,0.4749043,-1.9307693,2.6013322,-4.6116796,-1.3798712,-1.8151119,-2.8167548,-3.4726691,-4.14262,-3.1959298,1.7354562
-0.6280353,-0.070173986,0.38088188,-1.2339576,-5.3308086,-5.8174953,-1.5360729,-1.8816214,-3.676428,-4.2773,-4.42755,-2.4465203,0.67411256
2.0543063,1.8093401,0.7740874,-0.6649666,-4.4816775,-6.7468762,-1.3932185,-2.0504653,-5.177765,-4.1233,-6.437868,-10.229478,-0.9254907
1.9085782,1.172067,0.6383163,-0.34839973,-4.3270164,-7.048319,-1.330996,-2.060865,-5.239691,-3.73694,-8.588399,-10.940599,-1.5448244
-0.60437244,0.07657705,0.52280885,-0.62067455,-1.8417678,-6.3556504,-1.4215243,-2.0193884,-4.749271,-3.7372153,-6.7109737,-10.003826,-1.851292
-2.2615108,-4.06601,-0.96527094,-1.8220941,4.7356243,-4.014758,-1.3358045,-1.4380808,-5.2944155,-2.3439791,-4.9186172,-4.697032,-3.1157997
-1.8719645,-2.5946543,-0.22671086,-0.719743,2.5707698,-4.5628815,-0.8465183,-1.53307,-3.70342,-2.7098389,-5.598113,-9.116015,2.628474
-1.2486918,-0.03589282,0.6649566,-1.172208,-2.2071438,-5.382718,-1.5699813,-2.1615996,-3.495334,-3.9982662,-5.5028543,-5.3618426,1.5585694
2.2886484,1.9262388,0.7900595,-0.40295726,-4.642151,-6.731123,-1.279645,-2.1715598,-5.546046,-4.152108,-6.5556293,-10.276266,0.6474143
2.0409427,2.9365067,0.27870753,-0.4064261,-3.732192,-7.6895804,-1.3882533,-2.1633267,-6.345989,-3.9937608,-8.737649,-11.29729,-0.97458994
4.0122614,2.997609,0.622946,-1.1756785,0.04229756,-7.780218,-1.4485669,-2.1517863,-7.7901497,-4.870635,-9.685563,-12.367661,-1.6835576
-0.8654505,0.23627706,0.5590025,-0.7006055,2.3082461,-6.3802876,-1.4115438,-1.9831746,-5.1376867,-3.5602984,-7.8210034,-10.991971,-1.8489262
-2.0664253,-3.55421,-0.066314965,-1.7844043,3.613178,-4.0451517,-1.275858,-1.4839624,-6.2901244,-2.3956487,-4.951634,-4.892282,-3.1198866
-2.086565,-3.213412,-0.16137707,-1.6116588,2.9510214,-4.573096,-0.8019118,-1.5645547,-3.1380687,-2.6451457,-4.9472265,-8.372111,2.8384378
-2.8051665,-0.13589107,-0.11176367,-0.91137236,2.1262898,-4.278379,-1.3368913,-1.7855817,-2.6407342,-3.2997098,-4.5898757,-3.0660298,1.5709774
-0.8086135,-0.1277658,0.6291632,-1.2774988,-4.1354337,-5.705088,-1.8753791,-2.0940506,0.3159616,-3.7041378,-4.788345,-4.253206,1.1001568
2.2044246,1.8458065,0.7892437,-0.24116506,-3.0248296,-6.9174657,-1.3870717,-2.0009933,-5.215999,-3.5879428,-6.742671,-9.851869,-0.87621546
1.8626866,1.1654918,0.71610945,-0.5485862,0.70512927,-7.0960226,-1.487993,-2.0675454,-5.8849683,-4.1441393,-8.722631,-11.463948,-1.7303771
-0.79771507,-0.2147161,0.6088115,-0.76375186,-0.014825223,-6.300515,-1.2614706,-2.0362618,-4.395769,-3.65157,-6.3888063,-8.887589,-1.6099676
-2.011032,-3.955265,-0.33154672,-1.2840942,-1.001194,-4.193107,-1.0903165,-1.3571942,-5.0434146,-2.5185885,-5.614081,-9.350197,-3.253742
-4.090791,0.05772614,-1.736065,3.003808,1.82708,4.9347105,-0.67077744,1.4992722,10.17893,5.826662,9.863574,9.402294,1.1666989
-3.4972117,1.4675746,-3.0337183,3.4565878,1.8917598,4.637272,-0.6442048,1.5253745,10.2345295,6.16289,8.178324,9.159514,0.9903229
6.3562713,3.3635755,1.960983,2.585519,-4.6029296,5.106493,-0.80131274,1.9727926,11.722006,5.929951,9.991151,10.853851,1.3645966
5.8515,3.8754444,1.9007243,3.2993572,0.2777059,6.2744074,-0.79566735,1.7949009,13.651557,1.248175,15.40394,16.665592,1.608058
12.990146,10.000452,1.4779528,1.9380256,-0.054530073,7.741301,-0.48131007,2.628916,15.908624,2.009657,19.506248,22.301744,1.5488324
19.963194,17.325579,2.7214162,5.2051244,7.88873,7.9215913,-0.15035537,2.6804132,19.744184,8.443967,19.399797,24.324045,1.8252048
18.856297,16.880163,0.71300906,4.194056,1.6852524,7.4125576,-0.19403835,2.6692352,19.448496,7.971128,20.920973,24.39144,1.5129248
20.127323,16.000553,2.1737938,3.2884517,6.3201094,7.2467465,-0.34600452,2.7456033,15.727213,6.138423,16.977442,12.509689,1.2871149
19.815197,15.31046,1.5553392,-2.9349601,5.526301,7.46687,-0.31696928,3.117455,14.775312,7.3005056,17.242043,11.518829,0.16363172
7.343351,5.787236,2.071991,-0.13114609,2.3738,6.799441,-0.7337747,2.6873505,13.063312,6.9335194,15.75091,11.215343,1.0479864
5.879507,3.8606617,1.8093462,3.0380328,-4.597897,5.444923,-0.94759613,2.3241808,11.870849,5.6317706,13.060046,10.49478,-0.30983007
-3.7457976,0.090289995,-2.277523,2.7705517,1.7911366,5.2928424,-0.85560614,1.7773591,9.828292,2.4290917,11.012767,9.115916,0.96665895
-3.9213164,-0.428753,-1.8709241,2.5396383,1.6938027,4.9486756,-0.8056275,1.5542465,8.610453,2.0013492,8.527651,8.55389,1.1111618
-3.5711384,-1.4141159,-2.2557623,0.7427421,-1.3546203,4.5001864,-0.8988232,1.0634987,7.844125,0.94646215,6.7603116,0.43050802,0.8489736
-1.5997639,0.016244093,-0.5218203,2.9902642,2.0093446,5.3707314,-0.8382992,1.5093261,10.116394,5.6250267,10.856869,7.406234,1.3953562
5.882776,4.014591,1.7501763,3.572969,1.5433928,6.002465,-0.7689914,1.8371509,12.305855,6.27301,14.121489,11.870212,1.3187042
5.866728,6.083035,2.409237,3.647274,1.849288,6.954571,-0.4170961,2.0623136,16.157103,6.7665734,18.014515,20.486351,1.6514045
14.815295,13.84725,1.9180553,4.7916455,7.536497,8.000964,-0.15411443,2.588847,16.695494,8.494133,21.189259,25.150318,2.3356075
19.192097,17.349525,0.77276796,4.3155565,1.4028089,7.2999597,-0.36058095,2.7181,16.789083,7.8800583,20.96743,23.542355,1.6499606
19.343191,15.913839,1.853931,4.1612635,3.9301295,7.4781847,-0.3755885,2.766362,16.463701,6.9235363,20.067589,18.360123,1.795026
19.182728,16.0602,2.7428255,4.8188252,4.9559617,7.6804347,-0.31200525,2.7289152,19.063429,8.593011,20.825485,25.932943,-0.10099876
5.3813486,5.7514033,1.7432985,-1.4876739,3.2945964,7.15549,-0.72153217,2.7068605,13.4536705,5.807598,17.703505,19.13767,0.8367531
5.091861,1.4820392,-1.0154933,0.06261501,1.0692917,5.9240084,-0.95426154,2.3316064,11.253479,3.5222433,13.193984,10.151963,-0.37515858
-3.781617,-0.0554387,-2.37564,2.6512067,1.7158262,5.302159,-0.812784,1.778245,9.420384,3.4844809,11.15809,8.462398,0.979314
-2.1296375,0.2740625,-1.5555564,1.6692894,-3.0893016,4.738683,-1.0875852,1.1570626,9.670817,3.3318005,8.005438,5.217731,1.1637342
-3.4735334,-0.86488765,-2.1123142,2.526871,1.0772,4.4425197,-0.5841403,1.3321693,8.186213,1.6960791,7.3356977,-5.1251216,0.82884014
1.3636665,0.8850845,2.0765696,1.8075368,-4.0098324,4.879985,-0.97989744,1.2624496,13.572156,5.769228,7.6880884,2.2692776,1.3907074
7.090095,6.1308575,1.3626443,3.411147,2.1540315,6.1841784,-0.8208734,2.0048454,15.446642,6.666281,10.914505,11.04003,1.2570329
7.2792706,7.986932,2.3392615,1.8297205,-4.7517834,6.354043,-1.0231049,2.6794643,15.191199,5.550724,14.385038,10.6287985,1.1881591
13.22312,13.291629,1.0329982,2.9702747,1.7858174,7.805938,-0.24113843,2.623846,16.163319,6.7328897,19.214062,21.486982,2.1514935
19.28502,16.047075,2.4752855,4.225732,4.60807,7.5059924,-0.32696682,2.7523363,16.42989,6.709638,20.578806,18.461142,1.9276245
19.125788,15.902976,2.569843,4.1809063,6.575828,7.53296,-0.28424034,2.7464626,19.209934,6.7821574,20.297396,18.376102,1.8005569
12.543079,12.659504,-0.17120044,0.8538553,2.8894968,7.332774,-0.5545135,2.6871428,14.398332,4.843155,17.465517,19.296993,-0.9943315
13.889033,6.851878,2.1656265,3.3552313,0.4861729,7.0245333,-0.94262075,2.2958713,14.914753,7.7701526,17.574156,16.905437,0.5914599
-1.3485485,0.6587978,-2.098958,2.511091,2.0161746,5.5049963,-0.76073503,1.7896159,9.278108,3.36065,12.008329,9.541663,-0.3781671
7.3934193,2.3412242,-2.108852,3.0485601,2.1794322,5.561903,-0.7438116,2.0346453,13.414844,4.6214623,13.31922,11.482311,1.1070763
8.368928,12.142894,1.4885405,-0.29343548,4.303166,-5.788342,-0.20388497,-1.5882951,-5.1358356,-2.1183333,-6.1988525,2.7411466,-0.9809906
6.38162,8.096951,0.6556765,-0.56141174,-0.5563381,-6.123014,-0.40217042,-1.6341192,-5.1139207,-3.158168,-5.854427,3.3113337,-0.7643502
6.661131,11.658006,0.85264456,3.1998308,0.29848996,-6.539459,-0.6706799,-1.8528907,-9.167293,-10.630661,-10.939337,-7.6433597,-1.6193975
5.674344,7.4428277,0.14231218,1.3435866,1.2322329,-6.6811714,-0.8944422,-1.9913563,-8.615531,-3.1579244,-10.069793,-6.0426064,-1.5385381
9.113533,13.660326,1.2607211,-0.38982198,1.3217572,-5.696388,-0.25125068,-1.689834,-5.3451943,-1.9046534,-6.9944396,3.5484436,-0.5269925
8.095017,11.678134,1.0860494,3.1703231,1.8190985,-5.567048,-0.19872935,-1.636597,-7.6660523,-2.5721152,-6.9674907,-2.9220352,-0.5635407
7.204206,12.46764,1.0162823,-0.7474895,-0.3571338,-6.867333,-0.8158509,-1.957627,-9.023401,-5.208375,-10.753341,-6.1335216,-1.230156
7.036275,7.466234,0.77397144,-1.3789757,2.6369958,-6.71825,-0.81859493,-2.0595675,-8.942268,-3.4642637,-10.154244,-6.296877,-1.7892947
7.1446342,10.366322,1.1647538,-0.6654157,-0.19200437,-6.6442156,-0.7149451,-1.7072672,-8.270188,-4.7933803,-9.247347,-2.792416,-0.8286462
4.9242477,7.1420207,0.12361406,3.3869479,-1.7417201,-6.676647,-0.67692125,-1.5865166,-9.6640215,-4.8669524,-10.311892,-2.9082649,-1.3230189
6.1064873,6.1056867,-0.2295071,-1.3686136,0.8318284,-7.4308825,-0.9201816,-2.238287,-9.487809,-11.680757,-12.467319,-8.21768,-2.2835193
3.7425632,6.4138393,-0.10190367,-1.1054565,-1.2366776,-7.543113,-0.96548086,-2.1303077,-10.142607,-10.854224,-12.349654,-7.3284864,-2.0713384
-2.9024224,1.4975814,0.53849274,-1.6593676,1.622728,-5.3372955,-1.5155274,-1.7966018,-5.7647195,-2.7771382,-5.3148475,-1.2435602,-2.4627192
-1.1672746,1.4853868,0.85601777,-0.6337172,-0.78875417,-6.3665915,-1.7737976,-1.8834354,-4.458002,-2.6063027,-5.1364145,3.2450943,-1.965355
1.8137965,1.3589683,0.42160678,0.68984985,-2.0611336,-6.915915,-1.8677598,-1.9411308,-7.320826,-3.7792645,-8.2355585,-5.850186,-2.347359
2.1446283,1.3866422,0.7221137,0.81163955,-0.8126667,-6.9129567,-1.9041723,-1.8907299,-7.761471,-3.0291157,-7.803945,-4.8279147,-2.415591
-1.1882122,-0.22480689,0.57386553,-1.0401106,0.8780796,-6.238535,-1.3962708,-2.0573347,-6.31452,-3.6105635,-8.66415,-10.013,-2.8959646
-2.1122353,-3.9642665,-0.25873086,-0.3177665,1.0417958,-4.6698384,-1.1115364,-1.5413423,-6.3674836,-3.026753,-8.280615,-10.038981,-2.734614
-3.3156972,-4.8275356,-0.4777019,-0.3029769,-0.10310603,-4.1906786,-0.97395915,-1.3099718,-6.3407583,-2.7161434,-8.800519,-9.13086,-2.315105
-3.4134524,-5.0132775,-0.65019536,-0.8107218,1.1484665,-3.8356,-0.86129385,-1.4612976,-6.130468,-1.3956296,-8.385967,-8.208742,-2.9686627
-1.7809666,-2.4589462,0.713571,-0.8378387,2.3271549,-5.279595,-1.078125,-1.5936246,-5.0157623,-2.4319153,-7.084654,-9.14551,-2.755472
-1.5455513,0.08635544,0.6250437,-0.34276223,-0.6174564,-5.5976357,-1.6896518,-1.8402668,-3.8618882,-2.4406927,-4.924058,2.2427204,-1.7370039
1.9845116,1.5796964,0.5867895,3.9449148,-3.175115,-6.3165345,-1.5775484,-1.450137,-6.43277,-3.6213357,-5.4306283,-1.6845942,-1.7949045
0.37295857,0.69388455,0.80125445,-1.1662507,1.4946169,-6.4312024,-1.8347251,-2.0995176,-6.8813515,-3.9650056,-8.117575,-5.405046,-2.546726
-2.2076695,-0.027478874,0.31341836,-0.17872313,-0.101687506,-5.2136445,-1.3996663,-2.040008,-6.200273,-3.763209,-7.919616,-9.626436,-2.865206
-2.132551,-3.6620984,0.11050279,-0.94812083,0.3831473,-4.6020513,-1.2165816,-1.3924799,-6.293398,-3.0917695,-8.569869,-10.099383,-2.7457733
-3.392951,-4.9145246,-0.83481354,-1.0046117,1.0660106,-3.8154376,-0.9858184,-1.429803,-6.3756895,-2.7791471,-8.635522,-9.592563,-2.43466
-3.2665226,-4.877819,-0.9105229,-0.6530127,1.1814946,-3.8544505,-0.9119875,-1.4723392,-6.386046,-2.2296019,-8.444252,-9.220776,-2.6129403
-2.4062529,-3.8807344,-0.4671368,-1.2549474,1.7200184,-4.7306,-1.020102,-1.4409381,-6.224509,-2.561154,-8.496882,-9.633059,-2.9513016
-2.328703,-1.8525503,1.2138234,-0.7261048,2.2272267,-4.962627,-1.2604483,-1.9655728,-5.225938,-2.1790564,-6.6907945,-4.5499163,-2.249092
-1.5885962,-0.34037167,0.20224158,-0.9204867,1.6946479,-5.8524165,-1.5679259,-1.8330185,-5.099309,-3.259319,-5.6702404,-2.7660847,-2.3405733
-0.3533509,0.8641465,0.5014701,-1.0802817,0.09977454,-6.1640553,-1.8227882,-1.7167006,-6.7129436,-3.4056842,-5.530513,-2.1590447,-2.46423
-0.8436063,-0.05590918,0.61951363,-1.1527978,-1.0022392,-6.367616,-1.8812174,-2.0493991,-6.095941,-3.5278184,-7.372777,-4.9469404,-2.5322962
-1.3416542,-0.38466877,0.48278558,1.7745183,-0.44824573,-5.8749466,-1.4825283,-1.8902013,-6.4212813,-3.7400389,-8.953874,-10.324908,-3.0309258
-3.4349988,-3.7074609,-0.8356945,-0.5368287,1.6698841,-4.8155136,-1.0523449,-1.4692415,-6.3506594,-2.8448684,-9.028567,-9.631194,-2.9468663
-3.1877716,-4.662595,-0.7945201,-0.2564101,-0.18978529,-3.7899578,-0.9816641,-1.2911305,-6.2156234,-2.5564756,-8.378432,-9.073824,-2.4270308
6.74432,8.229224,1.1496768,5.8483524,2.9393556,-5.8183393,-1.2654067,-1.5384157,-4.409534,-2.955383,-5.8614893,-1.4045634,2.9056706
2.1797848,5.2151027,-0.3332046,3.07655,-1.3762362,-6.4763575,-1.5502526,-1.9868695,-6.308653,-3.758851,-8.973683,-6.702298,2.9928916
4.33097,8.8967285,1.7370437,5.0709662,4.293504,-5.4793525,-1.1555643,-1.6873783,-3.7904308,-2.240931,-4.3168874,1.7736294,2.9987483
1.6036848,5.3820877,0.4116962,4.4612446,-3.6975634,-6.3359733,-1.6464804,-1.8481529,-4.846898,-4.024304,-6.2167134,-5.6195703,2.8722975
5.4107137,7.9130816,-0.04752942,3.6109524,2.920559,-6.5798683,-1.0952679,-1.7638258,-7.7812653,-2.774111,-10.345886,-10.955317,3.1189651
2.2290754,5.0064135,-0.36752212,3.2628682,-2.7440403,-6.6570854,-1.3693789,-1.8981997,-7.1167135,-2.6915514,-10.558584,-9.557378,3.9101515
6.5191426,8.310534,1.0717802,5.5434704,2.8820615,-5.7942376,-1.3360454,-1.5753558,-4.3673882,-2.8250904,-5.9173822,-2.3110967,2.823604
4.9180675,7.2261143,-0.20378034,3.0037267,-1.5564837,-6.4404407,-1.5243071,-1.9868695,-6.4054728,-3.973642,-8.870041,-5.502533,3.0023382
6.089859,8.431773,0.45694175,5.714053,2.806013,-5.9295034,-1.363016,-1.5756617,-4.515259,-3.3888166,-5.9254503,-2.225274,2.6825805
2.7534761,5.046374,-0.17985854,4.980884,2.312911,-6.288314,-1.5903251,-2.022048,-4.927534,-3.6176322,-8.48879,-5.1664653,3.2828534
4.422406,9.27206,-0.06748708,2.909253,-1.1331501,-6.5045657,-1.4307094,-1.6202062,-7.885266,-3.9698226,-8.55936,-4.74458,1.566665
2.1819944,4.7199864,0.6303203,4.69354,3.6978703,-6.5681257,-1.4605747,-1.8860077,-7.1163235,-3.3283165,-8.298252,-5.6058087,3.5196261
6.1043944,9.036801,0.6886054,6.219975,3.9396152,-5.9932094,-1.3275814,-1.7025203,-4.590605,-3.1953392,-6.37136,-4.9123816,3.7164264
2.4916375,5.643355,0.16568802,5.0479393,3.3476188,-6.366907,-1.4608173,-1.8851942,-6.094578,-2.8671668,-8.359175,-6.7225447,3.1775868
3.32256,8.633559,1.5843102,4.418589,4.925285,-5.7571535,-1.4058921,-1.8378897,-4.6796546,-2.4110873,-7.620736,-4.7347846,3.3664625
2.4032571,5.7821717,1.470063,5.202728,5.1037436,-6.0521183,-1.4114487,-1.662714,-4.598403,-2.6961443,-5.722591,-2.5146499,3.3434114
