"Air_temperature_causal","Soil_temperature_causal","VPD_causal","SWC_causal","Precipation_causal","SOC_0_causal","SOC_10_causal","SOC_30_causal","LAI_causal","BS_causal","PV_causal","NPV_causal","CI_causal"
5.44512247,-0.9711264855,-6.4823561255,-4.17830967,0.03805758365,-1.59361927525,-1.3814390415,-20.33717498,-7.9773318295,-4.64160776335,-2.8947444755,-1.846027607,74.83645565
-0.0432721608600001,-0.8216513595,-7.48350683,-4.86385844,0.0469012873,-1.5079426475,-1.452069684,-20.1470048,-4.19602777,-6.20773633,-0.2369320925,0.5248815725,81.17601575
-2.787264853,-3.772324053,-6.1746478155,-2.875856151,0.0984414221,-3.098412729,-2.9810552375,-18.638301085,-1.52432991025,-20.504841975,-0.547694959,0.0616197124,36.90430135
-9.035385065,-6.97958835,-2.780350572,-1.8040327705,0.00422945325,-2.573885547,-3.36782201,-6.623746495,-0.487942677,-11.30317708,0.0457046025000001,-0.6101167645,-28.70437262
0.9059838625,-0.7747671293,-1.2632816365,0.0636617295,0.06442065985,-0.9875695435,-1.744324002825,-4.68313385,0.102859335,-7.66302308,-1.045619319,-0.507656393,-60.4337994
-1.302447038,-3.2086853605,-1.258895705,-0.2404800245,-0.1017107493,-1.34823108385,-2.0634370945,-5.22618593,4.162454005,-9.024052235,-0.285373388,-1.9359814694,-61.0319013
-6.999473965,-6.166357525,-1.697049218,-0.6596251109,0.0095089276,-2.1064854855,-2.90878931,-6.714012615,3.849274515,-5.27119654,0.75280110935,0.1953305205,-30.65635485
-4.649412131,-5.407306983,3.1285556322,-1.2185699502,-0.9741206228,-3.643165758,-3.18143334,-22.43883805,-7.60086235,-25.78127085,-1.112582312,-2.1688817945,33.78997265
-4.076765638,-4.8159969125,3.98449601,0.0909277093,-0.547487748785,-3.7100458515,-3.213572454,-21.38188415,-7.568052665,-25.0686147,-0.49677866285,-1.751625594,30.2308357
-0.982957469,-3.8913785705,4.65104008,-0.23326130015,-0.518762652635,-3.133670742,-3.1040362065,-22.244676975,4.81241031,-25.186148,0.031103776915,-1.0790679755,33.7938225
7.471560055,-2.6066176935,3.458173595,-3.372412566,0.0838436417,-2.4575519855,-2.278637612375,-21.438626375,-5.813703283,-23.6517412,0.4790568545,-1.045929091,50.6062064
-19.7799206,-10.08040728,-9.87147844,-0.744541603,0.0286471554,1.715636058,-0.7586938325,1.704278109,11.206157145,8.584743935,2.682640195,0.6800857431,-53.65151515
-33.6139613,-18.852276,-17.5430342,-2.6176236815,-0.029534034165,0.5064717065,-2.0015912055,1.44406323285,-0.61575986725,6.41019873,-1.981861435,-3.33731271,-27.6989268
-24.81526025,-19.6018677,-8.8759117,2.353413487,0.0906749334,1.635432662,-0.81538830375,2.21665687,0.25085697765,8.23582098,-1.7850234555,-3.1668760135,49.71216945
-35.58346025,-21.5020229,-12.44755155,4.938288115,-0.06070197375,1.858054828,-0.2337312843,1.7975474,-5.956416557,2.9705193375,-3.735384315,-4.37026291,99.12557195
-16.42153985,0.8459908791,-1.10194803,2.467921816,0.071987907975,1.997147412,-0.347487102,2.57911264,5.57781146,2.9773870555,0.977696998,-0.8833950795,114.05211365
-8.91102428,3.205488844,-7.286541505,2.871954858,-0.136638321795,2.1278066725,-0.13495575285,2.67532585,-2.7794945124,6.698051945,0.503247968135,-2.24860737975,121.33013025
7.8434927,5.46472815,4.0885932775,-1.369425887,0.14556588837,2.1832011725,-0.16135101235,3.365685755,-1.30451126,7.9907664575,-3.56897634495,-4.523611639,120.67782065
10.3737209485,6.726279615,0.260313041,4.9010236415,0.110236327725,2.3044910215,-0.28393339035,3.299420225,1.494718918915,10.79098422,6.43115835,5.78810004,121.6982717
10.531978945,5.28959364,11.119420365,1.1236615715,0.11854848759,2.3834444235,-0.04926482947,3.359724745,0.6189808778,12.755265975,5.99947908,6.46604133085,128.93598975
-5.97323078015,-0.4079319805,4.371246648,-3.05061225285,-0.139234826762,1.5171368735,-0.47753335915,3.359011665,1.6403372374,9.68976681,0.9249305535,-0.2337547695,88.3324756
-24.62580825,-20.6172618,-9.834808725,-2.8354327765,0.0766461852,0.71569311575,-1.112659367675,2.2394147865,1.3786588582,8.57222111,0.265886389,0.19209599525,42.573765
-14.0709672,-9.38622348,-3.846917945,0.54149132562725,0.03232344725,1.982924927,-0.84364812915,1.990192068,6.07271047,9.3442219,2.5320176237,0.9980610146,-43.66081615
-18.97972325,-13.20459725,-3.6432898835,0.32407660635,0.0252095624,1.8479597625,-0.992721375,1.730185281,1.0503763154,7.27887085,0.18336339215,-0.9660062578,-51.11269405
-23.18100105,-14.374801975,1.0659026915,-0.0863132995,0.152754353225,1.25175885475,-1.755432707,1.8705372305,-2.233273567,9.705583895,1.33544538575,-0.917425459,-11.404552125
-37.4912913,-24.672074,-11.85457443,-5.7839486005,-0.10246036865,1.3668205945,-1.0004590275,1.988060078,-5.80826261,2.195846739,-5.641365015,-7.486588365,38.31688845
-25.37787255,-18.246379975,2.9705012425,-6.047960106,-0.2243210047,1.987802162,-0.271409059065,1.913054275,-5.666018048,-3.406096512,-11.134017755,-7.767427629,95.95230835
-7.0500552,-3.8701262185,-8.926056475,-15.68044016,-0.17316339505,1.6913834467,-0.885254626,2.446710045,-9.2421854785,-5.15514165,-22.378399035,-16.7904109025,80.97800085
4.3993139025,2.9185992575,-0.7313077705,-7.80077019,0.172224381675,2.2556801305,-0.197858657215,2.99935232,-0.2243143985,-2.20890609215,-2.544138465,-1.368730158,119.3835903
3.9365404,4.1860048125,-2.9149711575,-10.109076775,-0.92329364035,2.24619426,-0.1823561865,3.05089452,-2.546625744,-1.10889976835,-4.63563226,-4.2546658945,106.433043
4.059178867,3.3982932,-2.43773732,-10.071271405,0.133692411585,1.88620406535,-0.5617822035,2.7812267,-6.613949642,-2.363721836,-11.01144843,-10.46929463,92.1089104
-17.4591761,2.10213264125,4.268635207,-7.97763069,-0.16141279785,2.133054903,-0.288198772375,2.754337755,-3.0877794215,-2.36830263965,-4.5599082855,-4.243714312,109.33101875
-22.572418575,-17.98280042,-11.726179415,-13.170444755,0.06487681469,1.620324712025,-0.87317449585,2.196293415,-6.809543575,-1.642365547,-5.566189325,-5.7332439895,61.02456715
-34.27108875,-23.01711295,-10.56367956,-4.208331966,0.0708513483,1.15880396285,-1.0741004912,2.018386413,-2.417932276,0.9754086445,-1.960049302,-0.8921054835,38.51332885
-23.9330102,-11.8413001,-11.97678421,-1.96622628,2.92305000000014e-05,1.557906314975,-1.0803331045,1.4833866965,-0.597340983,-0.9524649765,-0.867831073,-2.7431535124,-47.40424755
-25.05493065,-14.647691,-14.423922405,-2.335787459795,-0.028743210075,1.4207385675,-1.3321436555,1.412816717,-3.620650287,-0.9061529745,-1.143948288,-2.955374631,-55.5333489
-34.02005835,-18.3853696,-15.80198895,-1.348358857,-0.02103020625,0.7588874895,-2.1373271885,1.353924164,0.345274875215,-1.574060813715,-5.60016752,-4.34039635,-26.46357635
-37.0927149,-22.8034499,-15.459901155,-0.788277408,-0.0879581166,1.1969902815,-1.29599477835,1.959339603,-5.8085487315,-5.6696382155,-4.866206443,-2.73460349085,37.7532933
-20.37986775,-13.89182744,-3.351233679,2.6437050545,0.1384287685,1.91298873,-0.372422135175,1.765717153,-3.624989925,-2.6589597555,-8.6950908275,-3.566555611,102.46796305
-4.525745705,-2.907498988,3.536575117,-0.499975101,0.165871892325,1.866696759,-0.6311453825,2.535470455,-6.99376175,-5.13015271,-19.851110315,-13.2186572038,97.71997265
4.593968055,4.86100978,-1.2400301381,-1.8979372218,0.128461612305,2.145775632,-0.2911915732,3.010871015,-5.148399,-2.138499173,-9.17054457,0.2916088035,116.00852275
5.09525459,5.065596245,0.0737660665,0.46496237,0.145018484645,2.31366390285,-0.18418397295,3.08451554,-6.992933435,-1.7762961746,-4.46267441,-3.732827385,114.6205926
10.737839775,5.58136961,2.1002321835,-5.584112575,-0.4667192002,2.3297866985,-0.216304241,3.126359775,-2.298808608,0.4622767245,0.7829392745,-0.3963765625,109.50567775
6.771909625,3.1709358025,0.3831970031,-8.50492193,-0.735306994935,2.400922444,-0.0890366232,3.113821725,-4.1613864785,1.674139307,0.248232267,-0.995807749215,115.70837535
-10.441683085,-15.84522862,7.56315351,-11.95752543,-0.129387668675,2.162504426,-0.1751964817,2.886675215,-2.649347134,9.80378908,0.8966915145,0.389357893,78.7592316
-33.8319751,-21.63576385,-10.347210925,-6.557017635,0.0300091533,0.8557073685,-0.9240349025,2.0731477135,-2.3402003775,8.30806629,2.05045359025,1.974344515,43.0879021
-21.17604355,-11.443441525,-11.666545675,-0.2660304735,0.0326681287,1.6392332795,-1.10052518165,1.576057924,-1.1655589555,0.855411313,0.74668833015,-2.381239176,-46.2171455
-23.2861461,-14.73905185,-13.1050927,-2.2633969265,-0.051000175565,1.532804959,-0.984435665,1.489314555,-1.075402616,5.720330075,-0.5846791094,-1.023931709,-55.4826404
-32.40756975,-19.4883715,-16.80633058,-0.945908204585,-0.085393941205,0.7964149122,-2.217781145,1.3989337095,-0.9796199629,-2.2801911305,-5.58175413,-6.97642372,-25.27634435
-36.6924097,-22.82605975,-19.21072515,-1.9975083213,0.013426563687,1.1528551235,-1.17311030445,1.873961033,-4.75001709,-5.680616077,-4.8359841865,-6.19519012,38.0251687
-19.1958219,-17.63724675,-0.3772780035,-4.004865411,0.137325983602,2.02050419975,-0.3001417321,1.99618526,-7.545733555,-3.76527965,-9.904706755,-8.169945415,97.6503349
-14.67033463,-4.457511185,5.013730125,0.91010881236,-0.115746037475,1.88702212995,-0.5095141052,2.442620765,-6.570660481,-5.031699025,-12.707534995,-11.953372365,99.7459487
0.38191541,2.28751738,6.989844945,-1.3028352375,0.093125945775,2.2799531985,-0.229159655,3.161590465,-6.4783596975,-3.5913042675,-4.721505686,-3.89133108,119.66872835
4.68907838,5.65294813,-0.548529616,-3.6930074483525,0.132149521725,2.27843675535,-0.128881387885,3.05888938,-6.215293845,1.6846604665,-2.9516856813,-3.7691106575,112.78886795
8.05216375075,2.3595739925,7.957574675,0.6823274985,0.088598271833,2.1088656545,-0.399446071,3.37355626,-5.22321813,3.132715421,-2.159717926,-3.55550586,116.4454817
-1.7815237075,4.246012734,10.111973715,3.1758490845,0.136233628,2.42295196,-0.0103977381,3.037596635,-1.325084737,9.22619472,2.5423377255,1.78163585,131.226346
4.613261825,1.2242336505,9.98906889,1.62946612,0.064816849215,2.107108085,-0.1864046055,3.6365046,-0.302125394,13.9948664,5.48723991,6.00742462,94.7194304
-22.27152665,-20.2506371,-7.9407804175,-4.2022878415,-0.43711874565,1.13753022105,-0.7819601256,2.233614499,-1.07584411435,9.414726815,2.172903259,2.0034964165,46.67670045
-14.90103355,-9.95024851,-6.475483675,-0.7254555395,0.00335569055,1.86893219,-0.882148776,1.877131597,-3.328202315,7.7475544,-0.02069564095,-0.929694952,-42.79544695
-17.3658445,-10.8177853,-10.97911908,1.350613863,0.02869786705,1.95041054115,-0.74435983045,1.8215917705,1.0167664015,8.148098035,0.6587194195,-1.698307297,-50.3817142
-21.70209515,-13.17994876,0.494739137,1.0914733585,-0.0261055909,1.532097353,-1.5035194645,1.98883417175,1.281298455,9.7105393,2.54054487075,1.26273276,-11.6363630045
-34.0878161,-22.19437735,-17.599077625,4.649616285,-0.0388443717,1.443518134,-0.9791422434,2.00867683,-3.1822170727,-4.024249912,-3.16897149,-3.927211047,42.82821895
-17.62398905,-15.071415325,-5.964073728,5.93796269,0.118524707302,2.21383772,-0.23775902235,2.17862284,-9.02580376,-3.1416484625,-0.784955445,-3.5462803585,106.0126869
-9.348860885,0.0771068350000001,3.0441288285,2.3270422865,0.10550106517,2.19218600485,-0.174385895,2.78568558,-5.150877537,7.38131662,-1.0253540821,-3.035526559,115.0465127
5.022812985,2.389114335,-3.2487336815,-2.621662518,0.152626744573,2.1148283705,-0.1943060219,3.15652592,-0.73800127,1.03928369775,-3.9004560562,-4.22957816,117.96889025
8.326888625,4.457172535,-2.0022918475,-3.6727829243,0.1321188861,2.1367483363,-0.142340742,3.07629377,-1.8311725935,1.7661032635,-3.5984811775,-3.846630456,112.78129745
6.919765845,4.551277035,-0.7490648485,-8.601487525,-0.80912756305,2.129507451,-0.1440109751,3.119422415,-1.967445151,5.83308849,-0.720300431,-3.0009705765,104.8500364
4.793473338,3.23459355,-2.395956137,-8.11612044,0.12542592675,2.210465795,-0.1018583767,3.11119826,-3.9679219173,6.739525675,-0.0237096759999999,-3.885902914,114.1804605
-23.040159575,-15.661696,-8.370655045,-3.87885160575,0.0713452168,1.629023602,-0.585434769925,2.32227578,-2.977456158,9.36725743,2.798045845,3.6749120405,76.7511125
-33.3738281,-21.38146925,-18.97597275,-1.1993845635,0.0117289064,0.81172232475,-1.05309865725,2.007516985,-3.1290071525,7.677317365,-0.247258917375,-1.01152748875,42.25126045
-18.42661385,-10.209501305,-9.34425554,-0.9473637115,0.08318995655,1.68975042,-0.8781531423,1.736360176,0.0226901503000001,10.764484885,0.494944773,1.979147599,-44.0040426
-19.645095625,-10.845944125,-10.84340246,0.9724525825,-0.007489352265,1.710349247,-0.91245917725,1.736933043,4.79203082,8.361489045,-0.2997580285,0.9582309603,-57.0217395
-20.5430817,-12.858832985,1.1310225862,0.05299629294,0.192349751835,1.45040780025,-1.4720432475,1.976115304,0.707220416,11.217377175,2.972836891,1.9716950119,-10.649264575
-23.27967382,-21.01043335,2.514112032,-0.0133745035,0.0724155698,1.934504892,-0.772586049,2.3688085,-2.683542232,-0.6132780235,-3.89699356,-4.053396125,51.327056
-17.042455695,-17.07494242,0.845992493,-5.203630429,-0.2316324596,2.28575472,-0.1444981631,2.32084958,-7.508625712,-3.90118102,-3.708529152,-3.914496493,104.20051765
4.3599287325,-1.8908719165,-4.226748752,-5.00029319,0.19168243634,1.989603363,-0.38729029735,2.91441319,0.7393834885,-3.588075344,-10.341078265,-2.0291206205,105.4122197
6.122215655,3.53173138,-0.160109294,-6.0886174935,-0.1564350461,2.2918823259,-0.24157386695,2.786539735,-2.971144615,-2.1868828605,-9.576665365,-9.3458526485,112.9404537
10.710364255,4.6956249285,1.8186813315,-4.78219844,0.042041935785,2.3667068315,-0.2457188042,2.745179595,-3.301403289,-1.180811571,-10.41037607,-8.4826798715,112.6318361
10.400744015,3.8982155365,1.7261787235,-8.571907083,0.184132226415,2.247444134,-0.2384914103,3.16246663,4.12752623,1.1544261979,1.857431158,0.32531320875,108.56301325
7.799959625,5.38106003,7.22738051,-0.34229357675,0.12289826507,2.3586905943,-0.230536965,3.210357745,-4.6270989055,-1.57807436645,-3.452682898,-3.339628169,121.1817937
-7.144328815,-4.13554923325,8.29513521,-0.7480218036,0.061850877405,2.23586645,-0.269240448,3.174740105,-2.5129694875,7.114626195,-5.24155594,-4.4292906655,87.37739975
-14.167429125,-16.35026203,-6.864357405,0.5662033755,0.11509375955,1.545675319,-0.6924921856,2.391329415,-0.2933888585,10.627099155,3.081398902,3.2961817775,52.6042715
-17.9420638,-10.8310444,-12.17687038,-2.6561742035,0.09629463905,1.7143142085,-0.91237794765,1.74770537,-3.7070709615,7.62176544,-0.31228208985,-2.840163206,-46.1213993
-21.182933,-13.4083005,-9.68486371,2.0388331892,-0.015194036,1.6774074875,-1.0233123835,1.57327082,-0.78050704,9.11861869,-3.7711881,-2.778845976,-52.6334801
-20.89467645,-13.71595255,0.573242567,1.27166627765,0.2126936056,1.5180027962,-1.54806437425,1.99737346,0.6022867545,8.50410334,2.72801314,2.0104773695,-11.360960265
-24.38556465,-19.15306005,-3.5697013705,2.6564105125,0.08868316957,1.7267706525,-0.9276899038,2.2579547135,-5.39834784,-2.994009777,-3.5102323345,-2.3616639925,48.73547365
-15.3907676,-14.61503708,6.29756775,-3.13383281825,0.124353161,2.118440663,-0.293011231,2.143558765,-5.87318462,-3.553999041,-14.708262295,-7.894220455,103.20898205
3.6941125793,-3.0219796795,6.838329655,1.1945773135,0.0282974531,1.9127039995,-0.6211196835,2.929348995,-7.9621955304,-4.3643891599,-14.252328055,-13.66100862,104.2483564
9.80310362,4.1991846877,11.524527955,12.484285775,0.1028803352,2.4153449945,-0.09970899115,3.55969985,-3.9142659969,3.7534436065,1.2371046955,1.0059935535,136.7972044
8.94099008,4.85129224,-0.2975213455,0.261543328,0.118947947385,2.3268684915,-0.0439528972,3.17085397,-1.843314596,2.1059808895,-0.8992972091,-1.898004489,118.49204325
3.5755858625,5.35603078,6.929166755,2.290515125,0.101282856325,2.288537582,-0.2325321243,3.24576865,-4.3541806532,7.72421055,0.640023905,-2.958611154,114.95748295
6.90529573,2.63174155285,-2.8083490901,-1.1340668175,0.1274050624,2.178071149,-0.058087836585,3.21677637,-3.7189804015,7.68695316,3.309895974,0.566028052,117.924963
-12.1604952065,-13.20677155,1.8691880355,3.5089577815,0.09026982625,1.91947892,-0.33564231401,2.749265855,3.2296169085,10.988535155,2.0641552052,3.46750708175,89.77755415
-24.7158325,-19.778548375,-12.5770902,2.327157678,0.09376105225,0.840746379,-1.06018096035,2.2082003285,1.55673679075,9.20918561,-0.6843106728,-1.162240981,44.9295558
-14.355571775,-10.08330072,-9.050775555,0.82134591,0.07986124565,1.865539211,-0.860021559,1.9352973225,-0.2616624289,10.339612455,0.17797103325,1.0900305911465,-43.6427312
-22.31309435,-15.03813515,-13.00884922,-0.1974451765,0.1405632958,1.569129707,-1.0401491785,1.58264266,-3.656002307,4.57742022,-0.4634394273,-1.464847994,-54.60164575
-31.8075453,-16.74708677,-15.586032165,1.088640867,0.152548418835,0.788028155,-1.6100811475,1.5133977155,0.8539641933,8.25807717,0.08616228065,-1.10737075175,-22.37570545
-22.907771,-19.4845987,-1.9305033745,3.56623408,0.0567671814,1.8752775065,-0.6597604795,2.3188508115,-2.1417730258,5.4544907805,-2.3694402065,-2.2340816065,52.9736826
-16.6441118,-20.58545985,6.91158832,1.3110226295,-0.44269065925,2.286495795,-0.04269741415,2.40059262,-6.541114843,0.4612862795,-5.088624976,-4.192463435,106.4373168
-16.19591475,-15.276254425,3.59824158,1.6875964595,0.10432659915,2.26050549225,-0.19690365565,2.527023055,-5.44832805,-1.3365458918,-3.548832106,-4.2899667075,104.27665595
3.0424539195,0.3546624325,8.10487254,3.872374166,-0.010271414625,2.30084029,-0.1688203325,3.136600635,0.0302134970000001,2.4461809115,-3.5390324365,-3.600328344,124.08079335
8.46196693,5.512089385,-0.3252951625,-0.572390720735,0.179511222475,2.1872048725,-0.03746069799,3.18881173,0.6347901115,7.94861549,-0.922291467,-3.0448717985,122.0168542
4.570885215,4.16958077,-3.8507344785,-8.31408475,-0.93160691535,1.9792768425,-0.17585160035,3.171405875,-0.656414483,7.470178985,2.6193665683,2.7243267415,103.00710545
8.873162185,2.10749389,6.883417845,-3.9994078965,0.137130925005,2.1460650675,-0.11105984815,3.25623005,-2.4003696315,10.451806505,3.37105159,4.949748393,120.12947445
-9.778350291,-11.001444365,-1.3678369835,3.2386310375,0.1158152838,1.910326,-0.3669141939,2.731754005,3.7703091185,11.185617245,2.60539062,3.818859209,89.1897577
-23.6468386,-19.68089,-9.83138644,1.61669901935,0.018267933835,1.02779737525,-0.952029865785,2.31717899,6.80472669,10.0736685,-0.93240917175,-1.4270449211,41.8733488
-13.944632525,-9.24771612,-8.63846401,0.84653366925,0.12010184915,1.9616059395,-0.6504825355,1.938808028,-1.0852840775,11.16322658,0.65902210435,1.5464503925,-40.0438244
-20.485847375,-12.879107515,-11.43369241,0.38804016925,-0.39999635915,1.3649920415,-1.033471263,1.6133823335,-0.970042398,6.530020845,0.58046645065,-1.1613352172,-55.407293
-21.4381756,-14.160104125,-10.58782292,2.140592611,0.0191177747,1.094359759,-1.7915623125,1.840912654,-2.991501815,9.81251906,-0.83544997525,-1.57051622343,-16.36667348
-24.7495857,-19.7540995,-9.41114667,1.959928449,0.04858622302,1.5793561475,-0.8605249246,2.1910330675,-3.7455141155,7.15208067,-2.8658473745,-4.01022587,47.77005505
-20.587010375,-20.6541374,2.62010427,5.106030435,-0.43073034155,2.286190842,-0.02416625195,2.3028965,-8.02162522,0.396646287,-2.2705250345,-2.968841653,106.4086577
4.1498386565,2.16219597915,-0.48207318525,-1.337441619915,-0.807924802635,2.183082031,-0.1481251107,3.214702905,-6.49134603,2.95685309,-0.0446897697499999,-0.864690317,111.86655265
6.58079231,2.572473073,0.492228437,-1.6999818035,-0.789384683035,2.242652818,-0.13264865645,3.24580024,1.944832931,-0.9131266688,1.2950871405,0.3569627485,123.77740025
8.4619752,4.0946869015,-2.763100821,-0.95507389725,-0.409602779185,2.411656415,-0.05180427438,3.375799765,21.38118561,0.00914381600000004,-2.774341974,-2.758735596,128.50617155
2.968977276,3.827063455,6.657082125,1.600554895,0.113651807225,2.0149452865,-0.31825404975,3.391456805,-1.08429146,7.01002751,-0.0164178630000001,-3.445908464,113.06946445
7.74764286465,2.941760115,6.98675849,0.28863197,0.10486029543,2.2493569865,-0.14559743368,3.467264935,-2.5283112535,8.335394905,1.88545552525,0.718516179,126.7941698
-7.725237025,-0.4674145285,-1.019463387,2.201403169,0.102706284705,1.664503793,-0.52053855185,3.099508195,1.34460549425,8.792036955,0.9642320405,-0.4450967085,93.7723665
-25.00171275,-20.4293729,-12.58053506,0.23917621485,0.02684732055,0.8994227054959,-1.121332064785,2.2079600535,0.810874649,7.077105695,-0.8849131062,-1.589061022,44.76817355
-14.4717476,-8.750584645,-7.59470275,1.072129323,0.015975628085,1.95994827,-0.62986545775,1.92866589,10.896692075,10.808473495,2.21453813375,0.713417655,-44.09067285
-17.4453855,-15.28952555,-11.407635985,-0.699838097,-0.05493376195,1.6575026045,-0.9860701995,1.7689229995,-3.873924038,8.052356925,-0.02011830885,-1.1529001337,-53.2244729
-28.9291291,-15.37744725,-13.587917175,8.483070864,-0.0274695483,0.934692869,-1.39191433005,1.6242575503,1.4286615925,10.48010033,1.8079223965,0.4936881095,-18.03067275
-34.53363495,-22.02682685,-15.597239145,3.6463724055,-0.05740568425,1.29657842235,-1.0237020313,1.9827519925,-1.873522637,3.1228958435,-4.19661463,-5.229029653,42.9177395
-18.8412314,-20.40042965,-10.10612008,6.01548107,-0.044523816775,2.099985243,-0.174015005,2.062215405,-7.42311012,-0.1948147145,-2.3566493425,-3.3992625895,102.81401495
-9.910223635,-0.00674021999999994,-3.103952415,7.553547095,-0.04885454572,2.1673097785,-0.2498392837,2.929388735,-2.5423189815,4.01213883,-0.2108147035,-2.3898040005,116.04539315
2.1819889785,2.315127895,3.1948181875,6.174808802,-0.0111047416,2.231979442,-0.0994689224,3.273434595,-1.171688708,7.6714673,-2.8163157845,-3.8138002305,126.0584908
8.596945375,5.719351565,4.8557116087,3.3743638595,0.150779164415,2.208043745,-0.05588746,3.266759315,-0.720326031,11.755691935,4.60808606,4.24421133,128.3811835
4.47803186,4.28561399,6.04148766,1.053294109,0.111250001075,2.0228020225,-0.2857732833,3.403281985,-2.221443156,8.608803765,4.0138334,3.601877542,113.3524977
3.4002855205,3.0916596265,-8.8037591042,0.9792100227,0.093341196475,2.12864890905,-0.12084535055,2.87435147,-4.864961001,7.736457005,4.52175582,4.55775285,114.11010675
-11.756110882,-13.77431315,-8.6318208,2.432582165,0.064274969485,1.844154513,-0.4668439822,2.521159885,-4.179930645,8.68327627,1.89141383,-0.333107337185,79.70796975
-24.72390485,-19.47312275,-8.21160613,0.5679571105,0.13595303875,1.0365609427,-1.03308445115,2.225121345,1.0524409157,9.30247744,0.17864182165,0.8082904004,45.18669675
-16.7195855,-10.500378905,-11.862528825,-1.423776116,-0.01253877595,1.8294338395,-0.8938817142,1.8216541255,5.73351593,5.82926301,0.3172759465,0.382201402,-48.73791585
-20.110145975,-13.69376601,-10.54735733,-1.974387037,0.03112642275,1.8119843005,-0.7782622147,1.6623494655,0.6766462443,8.21081978,0.2939588485,0.9940268538,-50.7709376
-17.67505294,-13.42529855,4.5557278485,-0.4179530975,0.0160478497,1.44719469245,-1.6796820705,2.056841419,-2.412320465,10.109089515,1.7654523451,0.84140378,-17.021251975
-20.658691075,-19.1948521,-2.226571002,0.22256177385,0.0664034966,1.891425429,-0.632897118,2.34272896,-1.858416721,9.670879545,-1.8587269463,-3.4205990865,50.52701945
-19.3018004,-20.4536602,-5.06845469,4.456218071,0.10870821037,2.1821623875,-0.1020663117,2.17477351,-6.565055914,4.19557329,-4.497012035,-3.6651132675,105.26429545
3.0527892172,-0.073873407,3.0729658855,8.928416595,-0.00570147764999999,2.30421398715,-0.15879977195,3.198919475,-6.4024628535,7.96051021,-1.16809897395,-0.9956185631,120.24001715
2.431157507,0.2645001485,4.516256865,2.216617169,0.102513979625,2.3800902265,-0.0603495923,3.09740102,-6.665081756,9.065207515,0.1375460145,-2.75039607142,122.92601385
9.038407205,6.72476668,10.19431908,2.6049572575,0.109040484285,2.4667064255,0.00829611255000005,3.570826435,28.61033237,15.6686101,2.999333523,1.15839029,147.2420425
7.75324543,3.14459726,7.12770233,1.6878076245,0.114235396475,2.128336624,-0.22212494475,3.424580325,-3.748059913,10.0554995,4.303318685,4.168221578,118.03586905
-9.37395583,0.350398329,-5.024154531745,-2.0901213955,0.021770283675,1.914370122,-0.11254947175,2.76858931,-2.348191922,6.65277521,1.7964407775,2.93910652662,110.7338162
-12.4704727,-16.030866225,-5.8675951485,-4.432870982,0.03423431825,1.8351783375,-0.391339224,2.60007579,-5.94928244,9.68460021,1.3449357845,-0.3321552225,76.0962095
-28.3830306,-20.62942515,-9.19220722,0.366841682,0.082473384,1.053258324,-1.04676909815,2.175746144,-0.3073063136,8.484842155,0.32651036465,-0.40190551853,43.5915323
-14.925585,-9.345020915,-8.181318,0.561312913,0.01971235727,1.8544705595,-0.6809648195,1.8438342895,8.661279735,10.05426263,2.8471858869,1.734011359,-43.7512933
-20.76401925,-15.4444519,-11.111107125,-1.2377783135,-0.02882601905,1.4533086035,-1.0810539835,1.633102329,-1.342407403925,5.688831835,-0.8180686825,-0.42086357975,-54.21519065
-33.97048655,-16.748847975,-14.7042493615,-2.41744709355,0.012176391075,0.6541445388,-1.987718608,1.5034669485,-3.404491178,6.422092515,-1.8023392815,-3.4525595555,-25.90840537
-25.48122235,-20.16630875,-3.62895318,1.867976256,0.0803599279,1.7153026625,-0.827515332,2.271603402,-4.148376024,6.671419985,-4.972325065,-4.465827875,49.9004903
-18.8274083,-17.7876769,3.783505445,7.626693975,0.16195351175,2.328438837,-0.07957091215,2.333262585,-7.57713141,-0.49302455088,1.6071531945,1.8667467125,111.669029
6.1224222,-0.510612968,13.20614317,18.644695025,0.1847434477,2.507891178,-0.1331528139,3.376474925,5.8940490995,7.302889969,6.1430462916,8.69652901935,134.10224175
13.463750725,7.0627665595,9.8653419,15.737073305,0.199771894615,2.634554228,0.0335299726,3.55946217,37.73047318,15.171076805,4.3077910935,4.664359605,161.880171
9.340033935,7.978004465,0.288220411,2.229597447,-0.89427631425,2.518161153,0.097107564945,3.44299402,27.190496925,14.32531345,1.6469744539,-0.765383227,140.2981775
2.193162082,3.61703370615,-1.023826973,-6.13263548,0.10515419295,1.943042618,-0.31160443925,3.167833835,-1.93497744465,6.27786436,-0.680217374,-4.5419954995,102.8303399
8.091194265,2.9417618915,7.72843237,0.2884433413,0.1126615629,2.2150326948,-0.1069469472,3.463528845,0.4335030845,10.42837117,3.966736275,3.5547890935,126.58251075
-7.23501439,-12.094965725,2.6276751265,3.2805885615,-0.143031791465,2.061294512,-0.251889723,2.906244895,1.1936629955,10.91710418,2.63551090485,2.3843341445,92.5107158
-25.293694,-20.09332775,-9.40321301,1.9911067085,0.1533934402,1.04169598785,-1.03596196135,2.2986540275,6.52966354,8.579123435,-0.893333288,-1.673836708,42.8497676
-12.863818775,-8.74976423,-5.972429782,-0.00877385225,0.0636312857,1.956553885,-0.6025058475,1.936708252,10.57211101,8.77554571,2.5615370824,1.5456679075,-43.6759849
-13.5365171,-9.16198822,-7.916527705,4.6544503425,0.031676033,2.1742180765,-0.57442265083,2.004203589,1.32768961075,9.09768353,0.7681226282,0.18186855665,-47.07295945
-21.4202784,-13.6775788,-13.23033255,7.4508262804,-0.0785281237,1.0722885415,-1.722469571,1.8291427905,-0.1207518427,8.467988845,0.016865037,-2.2691333405,-16.449525065
-17.95562745,-20.8944766,1.0942780585,1.8711469595,0.05433102482,2.002523078,-0.743622182,2.4544962115,-2.456940816,3.922440295,-4.957852,-4.512441615,53.7237106
-18.97817035,-18.416423825,5.322115537,6.192160298,0.11864276755,2.239477952,-0.103312208575,2.3482818,-8.24813943,-1.2310241205,-3.120203041,-2.8099734675,107.60616825
-7.597153028,-12.492211055,4.57501637,11.982362645,0.19509018965,2.443134975,-0.11597081235,2.805773895,1.891046486,-1.3106144685,0.8460897917,0.22053183,119.26452315
3.0663696635,-1.07888779,-3.690241639,-2.025107421,-0.044002263085,2.262719945,-0.0726846006,3.00317602,-6.6451468,0.9805459341,-4.1563430835,-4.236320885,115.67784505
8.954251975,5.406680875,0.435179325,-2.36793562025,0.189711635203,2.564427985,-0.00522816334999998,3.40781366,25.04893135,0.789310735,-1.179384453,1.445901468,136.43713345
8.224577395,3.5392596169,-0.3057767315,0.6901579532375,0.077568656175,2.3608748175,-0.088544702985,3.326944865,22.164544085,4.514959809,2.5727962185,0.683972382,124.70151055
8.4730835075,2.6048799425,4.046657623,1.8874002265,0.12772418914,2.05748103655,-0.12639762285,3.478320095,-1.6037142735,8.756589635,2.5164906535,2.605803547,124.64616305
-5.449770615,0.445223886,-0.8134630615,6.023518565,0.10338911055,2.01130398,-0.274880252925,3.11260538,-1.9361166907,12.40690065,3.2005506995,3.85142492,95.34128705
-18.27452585,-17.665833525,-8.11179139,6.3724077435,0.0466272601,1.340675189,-0.9420899784,2.2084287472,-2.6496558545,8.33522817,0.1119464825,-0.93285959915,49.47522155
-15.09048955,-10.093811385,-10.39654374,3.0621637465,-0.00982247605,1.616600302,-1.010871100325,1.7800079275,-1.3565440412,4.13350922,0.9950909051,-0.3009180482,-45.5176241
-16.461349025,-12.47444072,-7.670599955,4.705820385,0.0279851521,1.834731888,-0.893621062,1.782338982,-3.423519718,6.48050294,-0.194250829,-0.19578222115,-50.337871
-19.1769128,-13.883916925,1.3900931555,7.558029692,-0.02035763225,1.569776683,-1.4131949685,2.05796093375,0.1594522595,10.388084365,3.2753599795,2.445483664,-8.383353045
-16.17965137,-15.26852935,-1.20736412675,12.818377977,0.10373922477,2.046640853,-0.708575605,2.4003457825,-1.217864403,3.7924974975,-0.5890106415,0.163685933,59.4645298
-13.176480085,-14.199591375,9.003388765,9.5141118015,0.1354631085,2.44756805,0.04166041055,2.564195575,-7.0334145605,2.6707287275,0.3458024925,3.688656417,118.57629545
8.077225526,1.3458572005,1.8097847012,16.205140395,0.176164021,2.289004245,-0.160073873715,3.42920185,7.32009611,5.955444593,3.4812174975,6.3593607525,130.470616
10.572160365,4.926048095,10.88283139,10.723515965,0.052553284135,2.5121217815,-0.08745535109,3.698151595,26.55217635,1.981970795,-1.3964171662,-1.326212769,147.021164
-17.90087005,-12.97995075,-2.0312536708,4.52327507,-0.01283380949,-16.631529725,-8.99994563,-7.53247861,5.077128855,-1.193749781,-0.3235317982,-0.93291963645,-63.04511835
-18.441580775,-15.699688025,1.7414812345,6.737073185,-0.1510050019,-21.92181035,-10.96938699,-8.41313236,-2.3988437925,-2.0216846185,0.71769674625,-0.69286206175,-14.4441374
-3.86994043875,-3.3667276305,3.63354375,6.62048329025,-0.01651101858,-45.7398178,-22.3897215,-12.80862621,-2.38662916,7.51396313,2.8841352755,2.8521190675,35.8757373
2.742722951415,-1.19369177,1.5340236795,6.217249401,0.00748102183,-42.6544485,-21.81687844,-11.54306746,3.782972303,7.191687395,2.7741811785,2.5777541,39.3529518
-1.7893917775,-1.5257254195,6.845565295,1.816348046,0.001898958705,-19.773004175,-11.051515835,-5.84225159,1.4558593505,2.9036888664,0.2825183775,-0.30965194815,-8.556065429
1.0116345475,2.445704606,4.52802193,0.0250639445,0.039454147335,-19.750741925,-10.186989205,-6.980228715,0.5039329995,1.09659800575,1.4945113035,0.5559680435,-57.24817185
3.7696924815,4.3237494225,5.42515249,0.6184055135,0.08671159927,-15.740008275,-9.27903783,-6.28281562,1.38234548,1.467942647,1.0949578115,0.285322711,-59.392902
-14.08253645,3.497393492,1.5058829695,0.01688258025,0.0231387991,-17.962004475,-10.074934845,-7.4039681,6.708094835,3.1638153895,0.0295243285,-0.175940225,-72.66411865
-18.19335175,-5.267090245,-9.703075335,-0.2235893815,-0.00525118395,-18.811165,-9.99938878,-7.54772744,0.2815744464,-1.440391883,1.909510177,0.9965015055,-68.76117955
-20.89137515,-14.249994,-10.698584555,0.765908838,0.0117738409,-19.01940945,-9.87611598,-7.80134234,-1.387366174,-1.40797650965,-0.355374693,0.0764865373,-64.66389925
-20.9753611,-14.12792425,-11.47869876,2.124307211,-0.04963551645,-18.431066025,-9.83713704,-7.694307695,-0.459738615,-1.447041839,-1.1007253104,-1.431094358,-67.639699
-18.346276475,-13.51040455,-2.362520423,3.577146491,0.00261098247499999,-17.859474575,-9.81767734,-7.899744785,-0.834024738,1.3823787004,-0.2344733356,-1.838003823,-66.21712905
-16.668685975,-13.669038025,3.153750455,2.227363405,-0.02815404304,-18.0795499,-9.81959894,-8.16105298,5.050350465,0.2139632833,-0.3045744885,-0.72098289725,-65.9291752
-20.50317945,-17.8051154,4.839910715,-1.03126223507,0.0173178366865,-24.28789625,-12.41292807,-8.98343595,-2.67099504,-1.2866068915,-4.151338639,-3.438497177,-19.584965375
-14.868014965,-21.1469554,4.1153119935,1.227085416,-0.08060622863,-49.31770235,-24.033316025,-15.194906035,2.5649857425,-1.8958348665,-7.35414114,-6.99819498,18.2195507
-6.8647003085,-5.8617452961,-1.285108788,-1.9513173065,0.0023789984,-49.11922565,-23.99289525,-13.878929255,1.6862418325,-5.010825255,-5.9543927315,-5.010586799435,25.42168565
-3.9858656785,-7.757839985,2.075809332,-1.38275502455,-0.035976157065,-22.08389865,-12.01225641,-7.013173105,1.2840755889,-2.86232231,-6.152432387,-5.45797109,-12.73155261
1.941046387,-3.321640068,1.4250607835,-1.33974920385,-0.1205718794,-20.47659765,-10.750928305,-7.80908614,2.3690530975,-2.073671531,-5.678956055,-4.65409094,-56.0237872
-1.5355635055,-3.808101189,3.96961704,-1.033909681,0.029043744285,-18.587479225,-10.737707855,-8.407700205,-2.054252189,-2.0979764045,-6.223604475,-5.32450748,-59.3542598
-9.502749335,-8.0906254,3.78724032,-0.42189991615,-0.01870754667,-22.20882105,-11.925984725,-9.25571142,-2.609867783,-3.241698585,-4.569797235,-5.440600495,-66.1649475
-15.61167145,-7.71985218,-0.759370342655,-0.95987239915,0.00706179637000001,-19.516239,-10.624359565,-8.24549752,-0.580168608,-0.41902192605,0.753637848,-0.413161148,-69.55048355
-21.6113937,-14.365496975,-12.007584325,-0.63376005475,-0.022961414665,-18.09973135,-9.756616435,-7.723320215,4.653962905,1.771891303,-1.320952939,-2.399732653,-71.1358641
-21.16894215,-14.12341615,-11.58533588,2.170033465,-0.033882261425,-18.246993875,-9.82487233,-7.97312027,-1.8372583467,0.4405667467,-0.281884178,-1.9759022155,-68.148695
-18.16490475,-13.6206547,-0.4808377758,0.349510077,-0.02922967475,-18.3123457,-10.12410608,-8.1664853,0.057785313,1.3417197805,0.528507975,-0.370245115,-68.0144525
-18.82278115,-13.9556299,1.346848675,-0.71816768075,-0.00776831114,-18.38447495,-10.09396107,-8.290532935,0.53214822445,-0.21539127185,-2.2558269005,-1.9158320995,-60.05232895
-20.9328871,-18.639107125,3.424710455,-0.842358934,-0.09983275625,-24.8290372,-12.65862746,-9.522029875,-3.18315583,-3.62251154,-6.987104275,-7.31425309,-18.904732625
-3.55732783,-16.695110425,4.557659835,-0.36065857,-0.07756975443,-53.22974865,-25.45279375,-15.29530307,-5.193632255,-5.2506403935,-6.4265979725,-7.54999654,17.832756575
-1.1952222763,-4.10381726,0.196153705,0.2005215605,-0.01463563783,-52.0050075,-25.01883283,-14.25589639,-3.019132504,-5.0467149915,-6.398589935,-8.08872654,22.3657297
-3.06937384,-5.7759619,5.4376637,-1.09575869575,-0.005660366545,-22.2461018,-11.90969291,-6.663741585,0.94930076737,-2.872851322,-3.388391376,-1.167865824,-12.514216248
-1.1301746425,-4.90248793,3.231782345,-0.78125634575,-0.00223846625,-21.6420709,-10.7938523,-7.94427379,-1.7868534236,1.4380777765,1.16280345245,0.2737439357,-58.71444905
2.2480424405,-4.306834585,2.3104457935,-0.8500993555,0.04931513457,-16.462165175,-9.705937135,-7.07819383,0.2555609767,0.30654377225,1.5005437985,0.237257209575,-60.78268875
-14.903547625,-7.6216151,0.253885095,-0.99360997485,-0.01191394118,-19.86658185,-10.974409685,-8.30470128,5.70534591,-0.700514542,-0.6065216628,-1.71120129425,-73.05730685
-18.4760414,-12.585817245,-10.469165565,-1.306034021,0.021933594135,-20.04821205,-10.409149585,-8.25426225,-0.573410441,-3.496356855,-0.5043715545,-0.956208492,-64.975737
-19.1756451,-13.468660935,-11.1485374,-1.3272766425,-0.0145152638,-20.05745955,-10.41738547,-8.12116113,0.0751118748,-3.89478913,-1.2189515282,-0.866673295,-64.5873714
-21.2262667,-14.101999025,-11.497999275,0.8398695075,-0.04355328177,-19.12756145,-10.096564125,-8.08212601,-0.5429804905,-3.333231492,-1.8144281715,-1.59571957,-66.95804795
-21.1210873,-13.891376125,-11.74722374,1.480963842,-0.051195427675,-18.3118863,-9.841742545,-7.88690666,-0.8171470184,0.32913342565,-1.4852335385,-0.878006753,-68.1904725
-16.17259135,-13.325792,1.740010897525,-0.194652073,0.01564654195,-17.2802722,-9.66781902,-8.05232601,0.00705534514999999,3.6665428631,0.25385639185,-0.488876057,-62.55615655
-20.21507215,-17.99403035,4.1605972,-1.2576190335,0.0122010382865,-22.4637484,-11.7192634,-8.520215725,-2.5665532625,0.2700915071,0.8329378288,-1.1120918885,-17.50887765
-18.1530642,-21.2203169,-1.369369181,-0.689842372,-0.10688620078,-45.5437857,-21.80991105,-13.78716382,-4.4380193575,-0.882019277,-0.9482867745,-3.295835878,18.477049115
-15.116668115,-20.13840925,-0.5710078815,2.052537245,-0.10479810728,-47.74643115,-23.2608938,-14.19105524,-4.495007238,-7.0894917175,-2.83807204115,-2.5013786085,16.93189097
1.5415606815,2.4006302135,0.812907654,-1.12628497,-0.0133447095,-0.48863641455,1.7921498955,-3.595624875,-0.5315828512,-7.488998355,-8.70411461,-5.425867095,-62.3298925
1.97945937845,9.59782671,0.06996967705,-2.307120208,-0.04613172815,-0.1249278017,1.6264587485,-3.80806047,-0.47463536915,-7.28223496,-8.519702015,-5.682063405,-64.1978134
2.0915061715,2.7053895005,1.651380519505,0.6237962385,0.10722135775,-0.32950380745,1.8348199925,-3.6447173375,-0.11890354,-7.299116865,-8.09847582,-4.9063295312,-59.8849226
1.9277359205,1.529945506,1.8265989007,0.475096285715,0.1133645487,-0.40017554575,1.90383202,-3.658269015,-0.38530926705,-7.30552334,-7.787025541,-4.2930798045,-58.7425217
-1.03937458995,0.2001509238,3.46677846,-2.1530392155,-0.0702053034,-0.60189022045,1.4629827985,-4.404712905,-1.059966629,-7.76451308,-9.31461588,-6.218563885,-67.40042935
-14.44123765,-6.607087765,3.113938865,-3.0512238065,-0.01595121915,0.35752024395,1.7433396875,-3.41639652,-0.9087303295,-7.833738785,-10.244066585,-7.696395835,-69.85047855
-16.265036075,-12.0155541,-0.9544151465,-1.73682343815,0.0388617316,0.4092398165,1.75921265,-2.4409378238,-0.881911562,-4.04222453,-9.48539564,-7.498559465,-66.6664562
-15.988456975,-12.4147789,-1.1755088085,-0.6146829722,0.068089189745,0.53534565915,1.819131798,-2.5715618425,-1.2075275445,-1.6032579603,-8.138500975,-5.03514378,-69.9022767
-16.11992975,-11.806630625,0.8379185664,-0.34948372005,0.03140119375,0.41696651275,1.7663153415,-2.7427141285,-1.38271842843,-2.888225307,-7.642344635,-5.900767125,-70.7010478
-11.7230955,-6.392629995,3.68567261,-0.606859599,-0.01531230318,0.39006038765,1.7468414075,-3.822465483,-1.08992777775,-8.34512391,-9.654003555,-5.57366744,-73.6496917
-0.3499067875,0.1401308025,1.10152864735,-2.015970308,-0.0364507408,-0.4977089022,1.900932237,-3.4922936825,-1.0487389055,-7.85339355,-9.35009777,-6.079994825,-64.64869225
2.2085425475,1.6934041135,1.3228221565,-2.3142712295,-0.5554504471,-0.48030282265,1.823709273,-3.6846284585,-0.3778316395,-7.511300265,-8.47326915,-5.1451668495,-63.753305
1.621225631225,2.703832875,1.2707823091,-2.632700641,-0.5140790897,-0.4930233174,1.7756986755,-3.6419726525,-0.5819775899,-7.459620765,-8.503965825,-5.28757899,-61.9936791
1.9233925773,9.502260285,-0.16145352525,-2.482709734,-0.5028868563,-0.1567647461,1.5957547785,-3.84706295,-0.5066956857,-7.309374575,-8.60829683,-5.75284872,-64.2062993
3.1180026705,9.572616435,-0.0015626685,-2.755351072,-0.04427188415,-0.2165678072,1.6097142225,-3.876373955,-0.1916454383,-7.25568007,-8.70408351,-5.838042015,-61.15266025
2.0000232105,2.04862195,1.7911306361,-1.0436032535,-0.2353950157,-0.4015814428,1.8118191405,-3.801923695,-0.19638926385,-7.256505645,-8.136852985,-5.06693507235,-57.9346126
-1.3831022395,0.59450799605,1.2051611741,-2.895654227,-0.5075917387,-0.70590528025,1.4167706885,-4.315931183,-1.0198529895,-7.573920605,-9.06431066,-6.19658706,-66.809655
-12.7866947,-6.801438465,3.01916384,-2.839585499,-0.01137861625,0.39316802306,1.7580731475,-3.501172383,-1.03114366197,-7.889527185,-9.91602025,-7.48053502,-70.57538865
-15.289539,-11.05455895,0.3469289715,-1.9788547865,0.0869543941,0.351997398,1.755106865,-2.6929972355,-1.131658068,-6.656704825,-9.455896775,-7.20590168,-66.9139898
-14.853334925,-11.04680705,-1.50768465525,-0.4381206116,0.056675769745,0.4474284015,1.734530443,-2.81614174,-1.5021354975,-6.736021615,-9.18821907,-6.2809074,-68.1636786
-14.507659925,-10.18590222,1.175879827,0.18900287115,0.059676570485,0.3938383774,1.730045835,-3.1532704585,-1.208744577065,-7.59519806,-5.90226124,-3.882774955,-72.44935375
-1.5964646561,-4.795211855,4.130884145,-0.0922497650000001,0.04453348132,-0.05953729435,1.693325835,-4.601418605,-0.741063882,-8.669538025,-5.172266845,-4.363341185,-76.3041026
-0.644025164,0.8023106222,0.8452727438,-1.395636465,-0.0436194092,-0.4825922477,1.914548362,-3.4671494425,-0.8780391525,-7.91667489,-9.758972945,-6.349105825,-64.49756145
0.6171229802,1.14625902425,0.474597469,-2.3710013305,-0.0378929978,-0.578475689,1.828130575,-3.6442985035,-0.82509223285,-7.452460515,-8.970507385,-5.691029565,-62.90671795
1.683620541,2.5648123735,1.6139356825,-0.5156575973,-0.0659543959,-0.399893846,1.8243174725,-3.6192782325,-0.3132137812,-7.372401265,-8.221590725,-5.0369553052,-61.90050495
4.2464143075,9.54763551,-0.2141210095,-2.293271388,-0.42967983395,-0.1280951315,1.5867220575,-3.86830865,-0.36230395495,-7.164681815,-8.54958654,-5.69748001,-64.40540085
2.1004846275,9.59015487,0.0425382792,-2.8314713955,-0.4711222284,-0.22061422835,1.61124539,-3.86896833,-0.3940432558,-7.2828634,-8.722254105,-5.82098804,-61.204677
1.75274047025,1.688827344,0.96302064775,-2.399244691,0.0443918169,-0.464956988395,1.8247842005,-3.76507964,-0.584372418,-7.472565795,-8.228165725,-5.230874445,-58.51464165
-0.7048365909,0.6158045625,3.96070619,0.692767507,0.0929967291,-0.47952748891,1.530884165,-4.575641925,-0.768522091,-7.464910205,-8.877134865,-5.659807165,-68.30735235
-3.8540280435,-6.101186825,3.50745096,-0.05803246545,0.04230378217,-0.0533796748,1.736974575,-4.117242835,-0.4512418725,-7.75210654,-5.82538679,-4.65029232,-71.906305
5.28703222,2.882813415,2.9376742965,1.4476109468,0.12099292778,4.03774551,1.80192542,2.566750225,8.584393405,-4.741567365,-7.035260477,-4.103731604,-68.77579545
3.107311075,2.530226534,5.623492645,-0.809991308,0.03585398243,3.953740715,1.818993995,2.74182521,8.453844835,-1.8490567465,-3.401005805,-2.42029675,-73.85256085
0.289082343,-2.916097115,1.739588233,0.8187722925,0.086924992355,4.030790735,1.970121455,2.925292035,-0.18488953894,0.2945228951,2.869836596,1.0771826655,-64.59899085
-14.338413385,-9.534853225,-6.565208025,1.724264962,0.05645599007,2.891550615,2.049695065,2.793918807,-0.367976977,-0.38049044455,1.8896180535,2.130960236,-61.06436905
-20.2051578,-12.376738375,-11.618516025,0.45189399965,0.04223354612,2.26256894,1.476664798,2.055961395,-0.2631375528,-0.89745928475,1.460185267,1.8611306825,-69.9034779
-20.93371945,-12.827038325,-12.28861314,0.81367539975,0.06052770182,2.228684445,1.4031157825,2.02145801,-0.7986022205,-1.7267028549,1.38931394085,1.6158238945,-70.85644355
-23.62721915,-13.5358085,-12.319440675,-0.7574538762,0.03049122705,2.047791752,1.2438666925,1.81491649,0.33144978455,-2.167313365,-1.143367586,-1.8854308851,-71.56876755
-18.93909945,-12.078396225,-13.403646725,0.9231390247,0.03210960502,2.43742134,1.97862313,2.678944875,-0.05780955543,-0.839133995,0.8678664305,-2.1280826505,-64.9894666
-8.165741925,-8.72573451,0.8562071356,1.3204016244,-0.000754882900000001,3.21404104,2.77409324,3.008031055,0.83489296525,0.1285390527,1.46732022515,1.8783936755,-53.23176705
1.8493154582,-2.9722950395,5.685508715,1.253683879,0.04137116715,3.163409415,2.721666135,3.042796385,1.52160718465,-0.2347171337,1.620727421,2.225763774,-56.20318
4.18816305,2.88380416,5.758884075,0.98247437835,0.11187760718,3.74499781,2.455302355,2.756035105,-1.727087001,0.54541155735,1.704692517,1.13253153615,-63.7615058
6.002093305,3.3958419925,5.36215297,0.852323188,0.0294987772,4.390579075,1.965530177,2.769504345,8.701086755,1.1767500805,-0.3206809875,-1.736259564,-78.88255375
3.3960037995,2.2820306142,5.35368144,-0.08930245371,0.075578446155,3.80526937,1.738443181,2.550570425,0.2900324795,0.9135843181,-0.079831960445,0.194479346,-78.0755452
0.84850823,-2.178633282,0.576125325,1.5300061775,0.02108183055,3.570481555,1.991273885,2.980321888,6.29628665,0.456120651,0.1896147035,-1.4955119335,-72.1067989
-12.30497194,-5.205467815,0.25341489785,1.4223394009,0.05654645765,2.92184935,2.047910295,2.8867155225,5.293226005,-0.51806649075,-0.57852939508,-2.2543008545,-75.8627706
-19.55699525,-12.926335125,-13.7071438,0.00310471615000004,0.04560183041,2.411839225,1.7674708,2.515477735,-0.721278923065,-1.743306729,-1.06801834975,-2.8109130125,-65.02168225
-20.01907365,-13.1808152,-12.910825425,-0.1035175225,0.04488951153,2.012829125,1.333582762,1.867015335,-1.5686068513,-1.5574428307,-1.1657859205,-3.0392517865,-75.96413295
-22.3289467,-13.544426475,-14.4539301,-1.7973594025,0.06260732532,1.9035084375,1.257043203,1.81221273,4.111571515,-2.142562829,-1.3315478058,-2.8431771755,-81.3612878
-16.381811115,-11.655778305,-6.66791252,-0.34382064285,0.04345935842,2.32004785,1.4387106275,2.0607496825,3.762263357,-1.04412661125,1.018950234,0.663804742,-75.12002245
-14.56933413,-12.004837455,-0.4752666473,-0.19998024,0.06346405437,2.971302265,2.12230551,2.898501585,0.942070028,-0.1190035545,0.9455939138,-1.47082877155,-62.54964205
-8.17178764,-6.803641395,0.812631160275,1.0058171535,0.05853209915,3.23748983,2.78167203,3.027460365,-0.74009154,-0.04291505475,1.55471434855,2.0183343961,-55.2675115
1.9594674275,-2.514888335,5.13063206,0.205990337,0.038785873635,2.921027678,2.56374423,3.00984933,0.28983078175,-0.00730378370000002,1.1232659965,1.64225611165,-59.52156365
4.458866085,3.319701905,6.03656572,2.59908798,0.12692860723,3.96798958,2.546485285,3.003140495,7.401497285,1.2276637815,-0.195959484,0.690003736,-65.2453802
5.3495987,3.171004947,2.028560006,-0.5650759173,0.03650737025,4.25048945,1.9461202375,2.685841715,8.89794505,0.522809594,-5.4518913,-4.568480151,-73.8913799
3.2648801896,2.540469545,4.817455105,-1.3663576183,0.07970565813,3.873246345,1.887259165,2.633091615,0.882874703,0.1980823075,-9.54092575,-5.80741068,-69.47933555
1.467310554,-2.177736022,0.5798557095,1.6613604627,0.09025021914,3.792215205,2.14149272,3.04605563,7.20484826,-0.4317266289,-1.2051186238,0.00401865011500004,-69.45185335
-11.203093075,-5.19681833,0.3497029975,-0.26785583945,0.0694751466,3.049250325,2.01135001,2.91044141,5.96410926,-0.13130204398,-0.5203930176,-2.3415130055,-74.3296769
-16.098805165,-12.4782245,-12.822545225,1.25751665425,0.066137954875,2.4394926885,1.8122242625,2.568202958,7.165739805,-1.175073542,-1.128013421,-3.3381362075,-69.0649844
-21.67796715,-13.421040875,-13.750368615,-1.7031777165,0.0228664462,1.93033272,1.27825023,1.819234975,4.572320555,-1.903750473,-1.70544394,-3.3523423685,-79.7417515
-20.9626117,-12.8793775,-12.664959025,-0.795031787,0.0236071355,1.9767258535,1.2554071735,1.875741245,6.15099622,-2.191597048,-1.645193027,-2.1911980295,-79.96883545
-21.45028095,-13.230286025,-13.0206997,-0.0566163425,0.0559588782,1.943921633,1.3126951035,1.869397068,-0.4137313747,-1.8488270345,-1.1837349683,-2.896087786,-76.51771175
-14.87020505,-12.125402125,0.288178388715,0.4081830825,0.05735506125,2.95800369,2.105862535,2.862155442,0.907728729,-0.80430031475,-0.10815177838,-1.991501855,-65.94728505
-9.54007804,-9.545095405,4.65035784,0.384432785,0.031767606665,3.078319045,2.371111365,2.8751749,-1.7507138735,-3.565729165,0.1356289707,0.270833787,-58.72006995
1.819924593,-2.5216633875,4.316805065,-0.3013543215,0.03781312503,2.8465576395,2.17556677,2.84074533,0.441387877,-4.252928885,-0.0279356642000001,-0.4305323233,-60.02771665
3.7118929235,2.922970012,2.447562192,-0.5423707195,-0.0043243764,3.874520675,2.5983579375,2.809648895,3.063551649,0.22059187775,-6.621886295,-4.146059962,-54.5819261
5.22030432,3.35664238,0.9380374265,1.7021715925,-0.5117548345,4.14084701,1.955874805,2.58649483,1.4473809027,0.305983714615,-7.743009068,-4.612768224,-66.09334485
4.504298965,2.567244192,2.4460214965,1.970846533,0.11759702873,3.958543305,1.746807045,2.503756445,-2.019746114,-6.234672635,-8.172512345,-4.787519374,-63.1308593
2.6818556095,2.150170494,2.2006373075,1.1821380885,-0.038726378535,3.8584509,1.7318636805,2.47658838,-1.987527658,-7.43601322,-8.49350051,-5.162371229,-58.02573095
-9.78252951,-6.21768331,3.34955841,-0.591121001,-0.0511686546,3.157722725,2.026102945,2.900432745,-1.7179173105,-7.882455685,-9.975747075,-7.318330835,-61.8575715
-14.922741375,-11.35621964,-1.0265672545,-2.700035093,0.06388226713,2.86980934,2.04108338,2.74718333,-1.1316287485,-7.015670745,-9.276213985,-7.118775685,-57.55891565
-21.0762667,-13.712473575,-10.996315425,-1.289873811,0.03103130456,2.22823998,1.38342827,1.98772872,-1.31278255735,-1.9363937615,-4.380466975,-4.309004275,-70.016718
-20.56968935,-13.631410475,-13.04061445,0.0549325548,0.03698615138,2.046268398,1.318907337,1.92241727,-2.11290090225,-1.7368532678,-2.293895285,-2.232822461,-74.45683905
-19.8396101,-12.949930975,-11.32075555,0.4424745995,0.05161645012,2.067841003,1.278834042,1.84499858,-1.0664238495,-3.244079005,-0.5383958266,-2.6846037315,-73.9319255
-12.17262227,-9.21712795,0.622328964575,0.728546967505,0.06563561726,3.245636005,2.199693635,3.00369957,-0.9969513118,-1.1713042291,2.013480915155,2.4212243235,-61.46409005
-9.768811635,-9.834030285,4.2586920475,0.7142521316,0.055803676285,3.173848035,2.348447035,2.90851147,-1.658350973,-2.5162793275,0.0345612472,0.45241317005,-55.8487694
-8.95049903,-4.860412615,4.364647268,0.0759662513,0.056515850235,2.6615323055,2.243611362,2.910538515,-1.7711034315,-4.283650875,0.28564996045,0.43967237035,-56.99012185
3.2443018265,2.0220144749,1.338851732,0.67506086345,0.0436364838735,3.60637108,2.188088631,2.565801585,-1.125386126,-7.335231465,-0.35149285325,0.68569096635,-59.22780225
4.64760565,2.6270673915,0.8455106325,-0.93148082325,-0.194077210365,3.740010445,1.873303885,2.54072044,-2.440144693,-1.1151474425,-9.50915806,-5.3940353585,-71.2632368
4.124928605,2.232089099,0.10709580745,-0.44197480675,-0.5702559134,3.445361935,1.7409675605,2.443346775,-1.867943025,-1.9042090855,-9.84285159,-6.1028406615,-72.83818615
0.355112529,0.7340294797,4.548852795,-1.07625807885,0.0702746644,3.47532804,1.82079895,2.60855705,-2.5066624815,-4.784055835,-10.17106747,-6.710748415,-64.29865075
-12.237285175,-5.59691532,-0.05486479875,0.3169473617,0.05474381088,3.03544562,2.08549738,2.95156545,-2.1179257865,-3.235557665,-8.365370575,-5.574941975,-66.1913121
-13.61301535,-10.2091417,-2.03674354,0.7545816319,0.06777961756,2.93861955,2.01856475,2.855829555,-0.604745561,-0.9897551857,-1.49317657715,-0.962461308,-65.15325385
-19.02518975,-12.2136686,-11.813183985,0.0156331682999999,0.02266348002,2.219856815,1.4737383335,2.0468741185,0.0744859542,-1.0167006575,1.06163271355,1.9183911635,-73.71724855
-22.1924238,-12.642009575,-12.75170655,-0.0718691902,0.0321309242,2.24995283,1.395516662,1.99515775,0.070682209,-1.803969437,0.94166062175,0.4009151238,-71.27170975
-20.82846195,-13.064511775,-7.124807755,0.3891485519,0.05673054973,2.173478985,1.4145167835,1.967502685,-0.070447146985,-1.40019752,-0.87293436035,-1.8095664925,-75.24902995
-14.50567613,-11.776991925,0.955221341315,-0.117726247,0.05826112308,3.11978893,2.14283081,2.92803215,-1.610119127,-0.44229498415,0.57355869655,-0.14251362185,-63.14197985
-7.91814621,-4.67165082,4.858606745,0.6504212075,0.095409105375,3.098817195,2.43946926,2.966429725,-1.8775356125,-4.85758839,0.17534245445,1.707175633,-61.3166441
-0.3854431862,-2.89227868,3.63778875,-0.058246746,0.0715740889,2.852878542,2.19751835,2.80022009,-1.63829262106,-9.445595405,0.0166375375,-0.26656707095,-56.48822375
3.1492096915,2.3514256375,4.855300325,0.6007074827,0.1691613371,3.5380936585,2.455644458,2.783273185,0.950007374,-0.6756289151,-8.80075668,-5.16985503,-57.35939715
21.329943625,12.965214625,-2.6000950385,2.5418226701,-0.0064407255,4.85417081635,3.0872422695,-4.559332435,0.711384971,-8.57105981,4.57285285,5.19985241,15.122494265
10.94263314,10.798319955,-3.677518202,1.6195615378,-0.30236049555,2.598942752,2.0364695875,-15.77655225,-6.726847106,-19.0729666,1.6548632075,-1.4718171892,42.0671327
13.509029975,12.551693675,-3.888954201,2.3336479965,0.092986609425,3.31424317895,2.790259994,-8.958818475,6.7624763,-11.379396675,4.3963982015,4.04413710325,13.20556842
10.359739895,9.06134389,-5.1133334275,-1.21049767215,-0.198484357655,2.259946866,1.9572105785,-12.832526675,-7.056908955,-16.6096277,0.7770905935,-1.0871625505,26.260399075
25.15261205,13.787271415,2.5602154955,2.609810957,0.08218023665,5.383127206,3.358182447,-3.962125005,1.019043068,-7.838906815,5.5029752,7.0049085,17.400572245
25.91787815,17.6470086,1.40125359996,2.58229968825,0.058114416225,5.3205612575,3.653570075,-4.47542112,5.9332530365,-8.23482632,9.199678255,6.394475925,16.80014908
14.133979725,12.91628644,-3.76285069,-1.949733617,-1.036822081005,2.778074333,2.1917447955,-14.05102925,-1.22277081675,-17.3939363,3.3010265045,1.435780041,46.99169885
10.453921565,8.38010267,-7.06535003,-2.9790789115,-0.806775545925,2.18343387115,2.1956712985,-9.584144375,0.8000863,-8.696388385,-0.894427638,-1.740584226,4.172563761
16.04622585,10.518535795,-6.0207407245,-0.765277786,-0.754016566775,3.63495022025,2.5603919575,-5.171198855,-3.951207485,-8.77879505,2.1068088225,3.504373688,-6.8108335875
15.721438775,13.23759595,-0.481877872,0.0327315662,0.120425725965,3.023738323,2.483981774,-13.425922025,-1.170458362,-16.379170625,2.860171513,1.79481074085,48.77408775
15.719409675,13.49514473,-0.7177975055,-0.998180588,0.11342155054,2.821427313,2.4717040095,-13.32618352,-1.4889791372,-15.228635375,2.556280518,1.4666264475,45.8589799
8.66101654,7.5702869,6.84419989,0.9368043005,0.104415132395,2.752067916,2.12015788935,-16.46666943,-1.9952847005,-2.9528487545,2.2017644935,1.209154717,65.43896515
23.786688,13.846933755,5.90891392,2.41455841155,0.083986876565,5.2811410466215,3.686316465,-4.48422612,2.9884265035,-2.7736761375,7.94789274,7.394492535,14.39121107
25.9349021,14.000648375,1.9564927525,1.491796206,0.0759225935,5.2268724168,3.6238081675,-4.2905877,2.55401632425,-7.828021215,7.024034425,3.9045180755,19.6318513
14.1929202,7.13956967,0.5363017185,1.1756339028,0.11411810104,2.367739636,2.2957553505,-15.422703625,4.3081599415,-18.2719221,1.3264438895,-1.1276249165,46.2095029
14.115663875,12.49888735,-0.768465383,1.1759321685,0.099365091315,3.205085158,2.7569056035,-8.144842725,1.449680897,-3.129858473,0.9747006793,3.00634801,17.69647765
15.820818275,12.40489607,-0.1390379513,0.852284622,0.12630722373,2.492972947,2.4637706245,-12.31633993,3.5528064485,-15.800921075,2.288205582,1.49218642725,36.45610315
13.90913635,13.463777065,2.702912562,1.1991513935,0.115239800485,3.1927406945,2.747611598,-13.62931599,-0.290815472,-8.388327745,6.11730296,3.7138973,53.2063759
-11.550939775,-7.111713325,3.481274995,-0.2731275235,-0.0252852219,-0.5780380607,-2.396837311,-8.23681243,-1.863972305,-8.279410725,-9.90464124,-7.094224975,-70.30471875
2.7768035665,1.44609289755,4.030259065,0.6511614995,0.05300002485,-1.20531830835,-1.8646330305,-6.055176385,-1.2751839438,-8.55429769,-5.148303795,-0.482618893275,-72.9722387
12.36612357,2.362159916375,4.07566635,0.0708217345,0.05290249045,-0.747932387,-0.9761962655,-5.005726465,-0.033984111,-8.159089375,-3.119529528,-0.6301483861,-64.44042
11.9632322,1.6259174075,4.30219082,-0.2603794305,0.04845726609,-0.622760872,-1.176831277,-4.72365413,-1.7364515355,-8.16845984,-0.171607711,0.2929367795,-65.4569133
11.405607925,9.051362875,-0.856630778,0.6634136069,0.027341140335,-0.3416941295,-0.88995491695,-4.175432727,3.948561095,-8.03711212,-0.66635021,-0.370064882,-68.4695504
13.696231425,10.48584335,2.6305417915,0.39630245275,0.06228872224,-0.40642631015,-0.6219455313,-4.134951075,1.34376837,-7.99128944,-0.213418448,0.9760261355,-64.26588605
12.7522861,7.97214504,1.662590182,-0.314915789225,0.0721378855,-0.4955402666,-1.043471001,-4.39865275,0.60075713873,-7.8147158,-0.124490676655,-0.1829903833,-65.29041545
2.848277488,2.0603224385,0.97835370185,0.2988325095,-0.182540393785,-1.047880977,-1.620936291,-5.92377716,-2.067772108,-8.283981305,-4.9861175,-0.589481989,-61.4612821
2.448275807,2.081392836,3.756815715,-1.2267025065,-0.2225956628,-1.34293131685,-2.141107587,-6.882460275,-2.351379402,-8.18381993,-9.711445845,-4.485872795,-70.7504553
-3.6488333035,-3.24186181,0.3542823493,-3.4323979575,-0.3882109879,-1.2395539858,-2.3171916575,-7.758722405,-2.07814697,-8.12111263,-10.684944225,-4.4656663015,-67.30889425
-15.97636035,-5.72062226,2.896429225,-3.2115129075,0.07126092883,-0.6554222886,-2.475996761,-8.40221871,-1.479602674,-1.6550796895,-11.266244165,-8.36873216,-67.6355014
-1.795144677,-5.078926653,3.53506271,-0.6192760303,0.0770385854,-0.88203585168,-2.367911139,-8.11789729,-1.44314701,-8.19081261,-10.628236485,-7.754229545,-72.1454521
3.098971119,1.800087694,4.319261545,0.0811458955,0.09545869862,-1.1845400455,-1.834112516,-6.07513533,-0.42193726225,-8.666982295,-5.501733055,0.299771973,-72.77820915
4.689342843,2.44556918535,4.904298075,0.7576006056,0.08962497135,-0.9228974548,-1.4361399085,-4.989625765,0.9798937655,-8.611287985,0.76553475545,-0.19699887615,-64.49597785
14.3328301,5.80602098,0.1203356928,0.98745288,0.08699935941,-0.603989224245,-0.81288408955,-4.613723845,1.1678689405,-7.906993945,-1.54539098075,-0.9927078365,-62.692026
13.599529925,10.635605685,-0.12242307775,-0.23839291505,0.07595953424,-0.3389474655,-0.6700718215,-4.32489571,1.214040225,-7.60823141,-0.9991187528,-0.883906577,-62.34114115
13.615644375,10.420802725,-0.8913124819,-0.49104704575,-0.01306498713,-0.34196911725,-0.868199536,-4.44525146,4.932179605,-7.835938625,-1.8589386275,-0.3234538737,-66.3141859
2.7390857705,2.400372403,0.9148223335,-1.2625921654,-0.4725946172,-1.099717083,-1.6495230595,-5.91756696,-1.87985396,-8.17389006,-5.01716355,-0.6895184745,-61.7936304
2.4627173975,2.4183836795,1.0763057005,-2.2117011625,-0.226580937365,-1.4073227005,-2.09787212775,-6.895469305,-2.0931290325,-7.970730505,-9.581770945,-4.260779645,-70.34305025
-2.29218230045,0.621906282,-0.2334358883,-2.244906503,-0.4186613736,-1.5991978322,-2.331859812,-7.140174335,-1.782401155,-7.82972595,-10.271274105,-6.974726675,-64.6617721
-15.9892974,-7.40881825,1.98397391475,-2.5555859155,-0.11801804735,-0.730219416,-2.37848482465,-7.97435663,-1.6259783915,-7.55752467,-10.643397645,-8.139773395,-63.99724645
12.6720105,10.3529207,-0.2996191713,-0.1792598071,0.08529840629,-0.382909554875,-0.8531068255,-4.423193805,-1.05616800875,-7.577216775,-0.6571696635,-0.1380450107,-66.4530647
13.98297535,8.039029355,0.3725463805,0.1642556240775,0.05127018494,-0.46766302825,-0.9222098025,-4.477776667,-1.29329937,-7.50160744,-0.2469186774,0.2255495066,-64.0683995
2.905607775,2.086257288,0.8744028658,0.9484656015,-0.4593689135,-0.979597407,-1.314047464,-5.509946895,-1.06077144475,-8.345448435,-1.0043308905,0.3347481385,-61.0784697
2.339665411,2.051698312,2.932668235,-2.362591254,-0.211273500415,-1.4423320355,-2.083132457,-6.86920584,-2.272489575,-8.497452435,-7.86615457,-4.14459419,-71.08393045
-11.726209895,-3.9000937525,3.805026585,-2.4901590185,-0.3795499084,-0.86749924325,-2.4189384245,-8.035885515,-1.740650653,-8.137144925,-10.58574144,-7.84849874,-67.9749371
29.08174465,19.9111402,7.793153135,2.4976627415,0.08066065146,3.255427661,3.815923887,2.51158762,0.6673963048,2.2695330445,3.265416303,5.3403883985,16.2322588
13.55597345,7.295968435,5.59573782,0.2333584621,0.119790650262,3.60551398,2.5246452275,3.5958447,2.736377995,-0.2614732065,0.65464002225,0.757598978385,74.8226319
17.110241575,10.44292073,8.10623538,0.09355723085,0.0905184147,4.24558262,3.2173247775,3.69105252,-4.2210148,0.25549357245,1.9102519985,1.5757971365,59.1358068
12.73966115,12.22904261,1.25951163,4.907265955,0.071826497595,3.18828096,2.200595603,3.42013255,-1.23966730445,-1.9077253895,2.726580045,2.559360381,98.8492617
11.916389375,8.098586505,6.058672465,4.277571644,0.135196483695,3.0239296,2.1406686775,3.403535745,-2.816249427,-0.3037418385,2.7747365735,2.2652332375,99.1488615
13.9524499,9.952894705,8.592744405,3.21637199,0.125318179465,2.96356471,2.1163189425,3.33802296,-2.3688953435,-0.5259978925,2.965424052,2.42682909585,102.1891217
19.57436805,16.94814345,7.82137511,2.053080504,0.120533921815,5.05703488,3.79360803,4.01990219,4.6329200925,2.423616606,6.81549133,6.29884893,78.01060455
18.24153635,17.33396765,7.408408105,-0.3859960881,0.0830978076642,5.032213295,3.8904432,3.781260635,0.4677743335,-1.06141644265,8.119508285,5.296004865,70.36726435
17.09406305,14.15405,0.578666824,-0.583786392,0.1016463407,4.704679065,3.4222329515,3.78718914,8.7243088,-3.788283535,7.21058469,4.510670726,67.6529216
12.08732755,9.242344615,-0.454931387,-9.272388095,0.119100251945,2.62741316,1.881619905,3.075066895,12.77482405,-3.706808905,0.3621589587,-0.178561978,87.7797863
17.72847885,16.2665017,6.8680464,-2.6972147877,0.107768422565,4.63828034,3.530697835,3.787520035,-0.4442353698,1.2795092834,2.5009862885,2.1386455045,71.697717
29.18139585,20.484859125,7.93252548,1.8369812785,0.08624752672,3.2425234185,3.7776837785,2.48781339,0.6104280301,2.688618913,4.032655334,5.6447966213,16.294656415
16.055243525,14.660812125,-0.8900663065,-2.6684551685,0.144353042115,4.169477295,3.14421961,3.390857,-3.288816483,0.1562523218,3.3312340915,3.679425956,59.22113285
13.76005975,11.72720859,7.335390025,1.7674312195,0.119928923377,2.881950775,2.0078649785,3.343254045,1.1263336665,0.0287460594999999,1.68987810775,1.630369173,99.0567484
13.879700075,12.0724569,7.892301855,1.981639728,0.101783091497,3.00659277,2.0931929235,3.3517766,1.3284672262,0.2487602012,2.3991142219,2.152558658,98.67723405
13.3767898,10.47157395,7.424196435,2.09519107,0.118334494455,3.02398377,2.07212737,3.43850453,12.112172075,-3.0851798095,2.0031519375,0.38340032265,104.64880665
20.32604255,18.02355715,9.4591208,1.3564616022,0.10760988506,5.16853285,3.867371538,4.10687081,3.86359656,2.56404545,9.64066731,7.12443506,76.9277295
16.5357284,14.62800365,-2.3426852645,0.3431925325,-0.18681095069,4.54507137,3.552621248,3.762534615,6.7934755,2.048447115,4.27545873,3.9635414225,65.10152705
14.5263324,13.035127695,-2.6708817605,-3.3686208265,-0.92425719869,4.400755305,3.245816117,3.711364215,7.007921315,1.0280010445,5.54414981,3.714211449,65.76875355
11.76267653,10.0255461,2.6124731175,-12.2052719,-0.01551135859,2.669767385,1.97643538,3.03071161,0.98492152245,-2.2437069915,-0.880310629,-0.3208546465,81.55900615
14.4059963,13.252631525,8.050643545,-0.259808408215,0.06584479155,4.42886785,3.2094934915,3.934518645,-4.14950848,0.6496202774,0.7019947035,0.4106359815,64.0525899
25.03330885,14.98609045,6.77361328,0.7381484237,0.04930222519,3.012373312,3.409129365,2.37963308,-1.483913212,0.2846147227,4.298768958,1.7930656235,11.7512243785
16.91414,10.26476361,7.872283775,1.2477257035,0.0887633438,4.24396837,3.206008195,3.756110295,-4.10116126275,0.18550706995,1.6602522335,1.7325953835,58.28387725
12.808916875,8.519368915,5.33204542,4.71406735,0.101843937495,3.01641387,2.0470867315,3.400735645,-2.443629656,-0.722757535,1.912449238,0.5356840625,101.08548225
11.31088263,7.494155895,5.94376965,1.87475031425,0.090482195645,2.98414994,2.123774455,3.38265277,-3.530082108,-2.1700448833,1.9711371195,2.1160668655,96.08602845
13.8277016,9.84430514,7.91603327,3.587415458,0.124780530835,3.063922205,2.135444603,3.40076779,-1.0709752515,-0.2757873,2.5448488625,2.2493846925,101.56748325
19.10683705,17.5973387,8.494304615,2.0180343,0.10292041976,5.164675095,3.822048405,4.08256737,8.97627428,1.6779745805,7.955732535,6.24789424,77.0054542
17.00723405,14.88036,-1.400312184,0.11927543225,-0.18700722164,4.456435175,3.647713598,3.75878616,7.050979565,1.553314504,2.830921375,1.701261564,64.8645917
16.890973675,14.4301461,1.29905835335,-2.070670574,0.101801332025,4.60322328,3.3280048815,3.746092455,8.392048075,-3.4163675345,5.72871875,3.423511664,65.5876409
14.983699675,12.82071985,7.8179632,-6.59827727,0.14928851462,2.90102407,2.107070843,3.27928143,-3.390953498,0.08970036515,1.5774104495,2.3075951745,87.47506085
17.9350877,13.79677825,8.49020055,0.7960582265,0.1216507481,4.541699125,3.366979085,3.93647366,-1.9512987915,-2.779550278,1.41022324205,1.961620066,66.05475205
29.72542755,19.69943625,8.095143015,1.88613673175,0.06928716127,3.000883359,3.36362654,2.341001925,-0.9250456155,3.2753899775,1.2253786772,-1.3478564555,7.986930875
13.37063245,5.553146655,-0.8960704055,-6.0377047345,0.102780527587,3.35869878,2.32784015,3.364862235,-3.7514615418,-3.3184473195,1.17905388175,0.7993636045,63.7845601
12.118047675,9.70733388,6.54121769,1.8144682387,0.087434462577,2.898978775,2.0457469935,3.29130713,-6.4804916325,-0.515131225,2.52619454275,1.88329385425,94.84901835
11.421819825,6.615268945,6.6243255,5.907797075,0.11777478632,2.799550475,1.9428370685,3.60158972,11.38967311,-1.577510331,0.15980778715,-0.1071900335,105.99764295
13.46884425,10.19000597,8.11658337,2.214787681,0.123219695472,2.87719982,2.0404163435,3.443149575,13.34254301,-0.6072046432,2.226693242,1.563474867,107.7954157
19.1060048,16.39865185,8.08511526,-0.3476695895,0.084029086645,5.09664112,3.763239785,4.057507165,6.42584185,2.6408968755,7.838740915,6.306271575,76.76315735
18.5245396,15.8670572,5.59270426,0.2521774794,0.1125629696,4.988181145,3.803118893,3.8029828,4.627649153,1.7811734675,7.713852525,4.748953435,70.9502561
17.3161808,14.605918275,4.41710812,-0.90519853455,0.04328658026,4.720571815,3.497638477,3.851715575,8.58281531,-0.774760538,7.23606039,3.7121428895,69.58680875
12.468820005,10.292862765,1.3162256775,-10.4304052,0.143663049915,2.6288446,1.9872944815,3.00111214,-3.326970355,-1.5774479825,-0.9510778275,-0.157867346,80.75787045
11.43956815,7.08145661,5.71304383,1.718687467,0.092740756047,2.942832385,2.109483335,3.439558515,1.016015917,-1.724212567,1.2430007392,1.1455857115,97.6455899
11.90251155,6.49977031,7.05760203,2.01232436995,0.118655869652,2.8424589525,2.055060175,3.57276757,10.808880125,-1.7723877765,2.367879663,1.945398395,105.78294325
19.619099,17.5687998,9.52572615,0.18253119735,-0.09041689059,5.148362105,3.814521395,4.162711855,7.849915755,2.481888922,8.895685225,6.555822545,76.74969195
17.809942975,14.6072139,2.4308518505,-0.4387836655,0.11308567046,4.705217565,3.604044558,3.675783955,4.3778423975,1.596886993,4.422627655,4.522116275,68.6134882
16.330056975,13.302786175,-1.0986639945,-3.8966971365,-0.48247160394,4.463239165,3.2961514565,3.741597395,7.35060727,-2.1115728675,3.1267468745,3.8425323285,65.95691325
10.33024868,8.606022145,-4.2674356,-11.336714225,-0.06898837019,2.47236281,1.82248712,3.02288718,11.48701325,-3.736089565,-0.16918908281,-0.9144339025,84.89668945
18.9199104,16.93017915,8.577511705,-2.61042976695,0.084197037715,4.73350684,3.54171492,3.909172445,-0.78487172315,1.28948676425,2.18022153,2.226396975,68.83622875
25.3713436,15.69505502,6.732722955,2.195917486,0.06255112081,2.965124994,3.43336883,2.417750835,-0.340320728,0.989820067,4.78165493,5.08813888,14.01571738
14.041055075,10.87701251,8.16782458,1.636733829,0.086766270785,2.81157586,1.9658184,3.2877734,-4.9309598308,-0.501473563,1.91854900295,2.300515444,94.8297593
13.8868514,11.3967817,8.47358281,1.0785792995,0.1184240371,3.10442023,2.148906105,3.41550874,1.663730204,-1.7101984564,1.647265475,3.440792145,96.0766094
18.56283335,16.7435452,8.551170845,-0.706133554,0.10930936072,5.088918395,3.735038735,4.07434424,8.998609615,0.10397071015,7.40549607,5.2722794865,77.3551354
16.350773775,13.342208455,1.5582407674,-1.866955222,-0.87479882549,4.57345395,3.56390904,3.807146235,5.641181865,-2.05949219,2.189615464,3.1692808395,64.4199473
17.52411665,15.3478365,8.85044423,-0.793005443,0.1404506819,4.88292621,3.55594279,3.944239765,8.57479748,-5.436269235,6.506369755,4.2491730765,69.58364575
13.7652073,10.43953562,8.227760965,-3.566610828,0.150513441875,2.94491136,2.1043939735,3.360340215,1.5974598015,-0.0516651825000001,4.17231459955,3.502131842465,88.19612685
17.83100195,16.315718525,8.478287545,-0.2640975369,0.10771910155,4.45708257,3.1759527615,3.82765563,-7.173540195,0.896951543,1.6513717555,1.956184925,64.30392455
27.69397565,18.4722257,6.84751783,2.184021613,0.08531413437,2.932939756,3.2856254375,2.327700485,-1.8036935375,-1.8845597415,4.446416915,4.481084249,13.06232275
17.78514,15.94839275,8.856892605,0.2029086075,0.0884744785,4.822460195,3.59165348,3.99332879,8.018692875,-1.352355962,6.51661767,5.2792480525,66.2078736
14.4623856,12.237212125,5.756025725,2.894714416,0.091433745407,3.069587305,2.1415494965,3.284151405,-2.8862138444,0.29288412806,3.406032075,2.959654719,96.8366589
14.0196037,11.34878887,6.78420532,2.173282284,0.126768430027,2.973825785,2.078980823,3.365678715,1.2786477282,-1.04979672835,1.597108968,1.3630996365,98.0661304
14.925101725,13.610208775,9.227766005,4.43136377,0.124942292827,3.04777162,2.103439545,3.34418494,-0.8487984695,-1.34510264955,3.981739037,3.947686727,100.82083525
19.7709121,17.14427495,9.605870895,1.8509849859,0.12586476575,5.231935185,3.810574407,4.211275495,8.06761474,2.5198730575,8.829496705,6.385463325,74.8981435
17.9653573,16.12643863,9.406182325,1.2306667043,-0.80650681169,4.798016515,3.693222698,4.01671987,7.0765899975,2.5553394835,4.205971155,4.36457874575,67.75256245
15.737633175,15.5038845,7.65471639,-1.105770617,0.071501559195,4.684195,3.516083857,3.937104755,8.7883028,1.45357563905,7.33559917,5.489276942,71.6977446
12.8234393,11.176604515,8.02940364,-5.142024345,0.12056941075,2.851954585,1.9784381275,3.38587974,11.644130705,0.4560751025,3.8080468906,2.279604625,91.6358143
17.488383525,18.158994225,8.892681755,2.1231626605,0.12240278375,4.753343875,3.592714463,4.114844165,3.0429283845,1.930084318,1.898320268,2.414103963635,69.6655805
28.6069965,19.488610875,7.712691525,2.01648081245,0.10284621093,3.1959253865,3.6742888325,2.50217537,2.4861330465,2.551569898,4.5809576,5.662952748,16.42722415
10.405061375,6.97789879,6.54874651,0.29542716855,0.082464951962,3.481321595,2.33181145,3.675463655,-3.38984307035,-1.279298168,2.07037925,1.0730804829,69.4571324
19.13000885,17.7917121,8.948557425,1.59000888345,0.120968105,4.71433486,3.60560011,3.8755068,-0.2074281395,1.103675234465,2.4837368615,2.0084783855,66.4539989
14.8421037,13.428313775,5.4711350765,3.067883996,0.088845312327,2.9652969,2.109657185,3.2413337,-1.9847734857,-1.113446324875,3.85062322,3.591623887,96.2844426
14.673892425,13.221135105,7.80376981,2.5886576755,0.10910948551,3.160384565,2.123165282,3.315251465,-1.79315666825,-1.1927385082,3.0423593825,1.631501777,94.93501035
14.0950646,12.65534795,8.517942435,3.380443752,0.122731863935,3.15257928,2.18629841,3.546876565,3.1398259314,0.5199560397,1.9604417635,3.917253234,98.3382195
18.493956425,15.011205675,8.53935178,1.7923013535,0.091475170015,5.026326075,3.791264837,4.054479865,-5.0777107145,-0.105945076,6.86171147,3.659119774,68.52870145
17.85828825,15.27872295,8.936998045,-0.4667271995,0.016231086335,4.59024981,3.55460286,3.76716575,-4.067563115,1.436535551,4.89332559,4.30721624,66.66157605
19.878869225,7.964037755,6.253822435,2.8962288095,0.11187564701,3.0190976635,-0.884641135,-3.5811876585,-0.6814955195,0.65532130705,0.1524594262,-0.91328438845,-70.9584589
24.0120256,11.349178245,6.663002955,2.615529918,0.05915275749,2.67417514,-0.48298939405,-2.7177745386,0.991302763,1.219199175,0.2059002295,-0.441190782,-66.1947196
23.85510675,6.878476805,5.04527088,0.29741991465,-0.36532492295,2.92805711,-0.5319481548,-3.1092805585,0.979518187,0.391570107,-2.635522442,-3.839811085,-66.4021623
15.81803385,8.905029885,-0.264471777,1.5012628683,0.07397026769,2.3004973225,-1.182869343,-3.419227895,-0.7482554167,-6.972455225,-0.51013229465,-0.9640857492,-67.80738435
16.7023877,9.23009767,0.458987423,0.4927239363,0.094013145402,2.3829053835,-0.9958563705,-3.18713156375,-1.2047561825,-7.1370964,-1.2259093705,0.07775347747,-67.2073043
23.2272104,11.415848705,3.0887140075,-0.2053662064,0.046959336052,2.503087319,-0.727389746,-2.91489387485,0.760756227,-0.0902638245,-4.2190796825,-4.851854055,-64.4032624
21.645876625,7.45329432,5.35764251,-0.2695329405,0.05947839722,2.776534105,-0.4585691748,-3.104233323,1.17327398825,6.549015035,-1.682797019,-4.498380955,-69.09246065
20.19152175,12.584102475,4.60494643,-1.9186451985,0.04823904821,2.5452076975,-0.640882167,-2.821267035,0.5168046175,5.517526445,-11.456029535,-7.544252805,-65.5499318
17.5924728,11.68736898,5.975553995,2.241229451,0.08898897724,2.27620241,-0.992832053,-3.02543799025,3.263809675,-2.520358106,4.259428583,4.228140405,-67.1968485
20.407864975,9.657610125,6.35019444,-0.00841776649999999,0.04329067771,2.351567019,-0.68465144315,-2.439222188,3.220833455,-7.43077147,-0.744638553,0.1074074895,-67.97629385
22.5546902,15.01603465,9.588587855,6.2179586755,0.1134823462,2.6744663815,-0.554582428,-2.258710985,3.327180875,-6.39316415,14.5919058,9.24392295,-50.7861008
21.8642954,14.4418011,10.165541955,6.01883257,0.1033411178,2.7875017035,-0.572103498,-2.243186691,3.6201842315,-6.17135513,14.318206775,8.681290485,-50.71657805
19.2588352,10.164976965,1.4516754458,0.61248083285,0.091990792802,2.800910025,-0.7956322615,-2.9533899315,3.070746291,-2.632993467,0.00112687254999998,0.1642662775,-65.5207897
13.107020625,5.549996925,4.646724855,0.3182648535,0.1061787469,0.31352393715,1.2790662805,-5.196173485,-0.6033949815,-7.450451,1.4393340525,3.5637082435,-72.4451764
10.564374095,7.951918555,2.06997383,0.0568577866,0.0925827921,0.4620334345,1.269111499,-5.051067545,-1.0831281775,-7.300171465,0.587891207,2.82368351,-65.5445425
10.53795312,9.12219706,3.30260341,0.155086445,0.08745896675,0.53807866555,1.2675582225,-5.186370625,-0.3280985861025,-7.665479195,1.2595416954,2.9491737758,-64.7608084
10.73954458,8.07431156,1.35997299305,0.658297546,0.02455642336225,0.5211991585,1.09804966,-4.99126804,1.3724120325,-7.638273825,1.4434446410375,3.719919347,-60.64725625
10.136875125,7.99290914,2.57192454,0.489640770165,0.10051666855,0.52016298885,1.195023666,-5.283873915,0.4893096385,-8.396487805,-0.4905602785,-1.9021515715,-63.23120065
10.420225625,7.602310005,0.978680142,0.711707478,-0.0184625214,0.4367234968,1.3141845195,-5.149028835,3.982857775,-7.987749985,-1.639387941,-0.9817168675,-66.1492312
9.56993991,4.699570075,4.77851446,0.3706927463,0.08389691465,0.5155189835,1.3583998825,-5.069972545,0.5157121964,-7.944408245,-0.028538153,-1.503989873,-61.65527925
10.151819295,1.9651779687,4.61767077,0.8461733875,-0.04581543523,0.4710388905,1.5129488975,-4.97448873,-0.7668699325,-7.521362825,-1.31159618,-0.9960896387,-61.05519395
11.450517025,1.232254662,4.447030045,-0.107012972,0.087374748245,0.07901095195,1.553639469,-5.27855674,4.087318975,-2.0915652325,-0.94303260235,-1.1835140265,-81.29866185
12.61699375,4.061840497,2.761720735,0.365265969,-0.004917337825,0.01616786335,1.2741822575,-5.031823405,0.25857303475,-7.7926489,-1.523747876,-1.3459030095,-76.7237315
9.41483617,7.81899053,-0.0214258450999999,0.329019887,0.1014337211,0.426437418,1.119157436,-5.191432895,3.829560133,-7.708044585,1.722520335,2.2815978005,-65.9298022
9.42541499,7.20580964,0.4266595708,0.4241063686,0.1016491146,0.5067872563,1.1606222,-5.176076245,3.746973288,-7.911074655,0.8751806586,2.608122221,-63.8754084
10.62682049,8.557299795,0.6655031306,0.5321316335,0.01237171705,0.5659766,1.1917113195,-5.11416497,4.25565763,-7.654865605,1.8490240925,2.955834815,-63.1867435
9.867761685,6.177308175,4.14973106,0.7869945885,0.0852329675,0.63744072835,1.37656718,-5.49955678,3.798975505,-8.32719879,0.5056281487,2.2217902885,-62.4859823
8.959962555,4.57001974735,4.335390415,1.099268806,0.07234013255,0.50943148815,1.3010130165,-5.467314615,3.719127325,-8.334177225,1.0429027059,2.437103989,-63.67039585
10.761792845,5.07068442715,4.20669121,0.681902775,0.1074117701,0.61882651435,1.3319102995,-5.0593825,0.5646534265,-7.85509467,1.4554460675,3.80937893,-59.0647925
10.470292685,0.44121159935,3.27896274,0.3345635671,-0.07859791175,-0.0342765375,1.4777362285,-5.23953122,4.065570765,-8.187916035,-0.21936989435,-1.712854385,-76.8724072
10.9462059,6.541716695,-1.795902951,-1.4822458835,0.0013957906,0.080053730585,1.2118788445,-5.192277745,3.155480515,-7.946334855,-2.2225184105,-1.11222255,-77.32806375
10.528782575,8.42258588,0.0472879375,0.4222364391,0.08797579415,0.5937311096,1.3998591225,-4.88433557,-0.8345042068,-6.85054831,0.642390343,-1.0789394303,-65.1804286
10.028613475,7.87278598,-1.4743895755,0.30903558985,0.09227998755,0.37379353545,1.1282239045,-5.11389487,4.27155543,-7.348389485,3.49949454,2.519256258791,-65.53455165
11.6487765,8.772015775,2.5858123325,0.302581105,0.10013012355,0.6037702265,1.272762589,-4.95203038,-0.74820889835,-7.283739305,2.562236262,3.4928783,-62.12426865
10.64172447,7.72141324,0.65143952565,0.7608160255,0.10565725375,0.573436586665,1.209335048,-5.126058185,4.267070435,-7.64260711,1.52235838315,3.021536845,-62.825873
11.478467425,7.19286168,3.168881615,0.6414768285,0.089295965555,0.6732881115,1.4000953945,-5.109216495,0.6908969636,-7.57298648,1.0246409923,3.2153047165,-62.5498554
10.762920075,7.512993735,-0.5787386925,0.3505857942,0.09588105905,0.51406285,1.0733524075,-5.118243535,3.581675085,-7.524551205,3.406404575,2.508438272,-63.40214595
11.542722385,8.842827565,-0.4796900431,0.2254162655,-0.02695733788775,0.5507507565,1.273808861,-4.81280292,-0.8702849171,-6.89910852,2.206189478,2.9257031385,-63.71884965
11.81633175,8.000634015,7.221633195,1.3399057145,0.104922867415,0.7728189825,1.521089845,-5.07802876,-0.5863671685,-3.1155394815,7.264264905,4.56340393,-58.43136245
11.232575025,4.30628636,4.4897904,0.23457704,0.10370969762,0.2232933343,1.462038785,-5.21139892,0.7293392515,-1.155381912,0.461903945,-0.6717375169,-77.14409305
12.52249105,6.429013775,4.842508865,0.528998315,0.09879049145,0.4056920305,1.290992934,-5.131824735,0.83120292075,-3.366023373,1.9879980405,2.7217719455,-72.5983818
10.915376485,7.94051418,0.763523987,0.2975257965,0.10937954856225,0.533740139,1.3256895655,-5.05469568,0.69769003815,-6.92585126,0.35907288185,2.619172342,-65.56710225
9.62929262,7.355427505,4.106480545,0.36749800835,0.0744113263,0.47170714892,1.2278002635,-5.423656795,0.5315706045,-7.983104125,1.0234867065,2.737008939,-62.65783505
11.355604075,8.73342021,4.63297424,0.4410203525,0.0853684915,0.614223179,1.359832834,-5.43395298,3.879753235,-7.39674082,4.221094755,2.383312347,-63.5661524
11.2481011,6.738494305,3.943012075,1.5896320786,0.09096814215,0.636396631,1.249848816,-5.382388795,3.830747425,-7.46331493,6.77319392,3.141687508,-61.2706575
11.512732,7.055897885,2.418114755,0.72862695095,0.06286255511225,0.5912124195,1.2740125555,-4.98193511,-0.71514220194,-7.27699476,1.236816278,3.15928876,-62.25769595
10.43810481,6.836305935,4.06352919,0.151722855,0.095825690665,0.651538144,1.473707395,-5.301214875,0.608162093145,-0.3051921085,3.760821103,2.0811225685,-66.2304393
10.09175757,6.18903255,2.437254766,0.22897341165,0.09066310845,0.401929619,1.1922772945,-5.44369863,4.1932275735,-7.425608245,6.237256645,2.1729988025,-66.1226902
10.2450808,7.20311179,5.510096505,0.31569541835,0.06001016655,0.7226665585,1.5835213595,-4.908061785,-1.0813132938,-1.420717724,-1.1514112141,-0.1662183765,-65.61009685
8.767689735,4.47440039,3.77396445,0.6717416995,0.06984627125,0.4992543096,1.430634035,-5.489663535,3.68377936,-8.60036705,-0.415345610225,-1.86173898565,-64.2700055
12.919405,4.234215107,5.039783905,0.877102361,0.1090172465,0.0530904925,1.194325292,-5.403050765,-0.1062775454,-7.723858225,4.255443145,3.595916934,-67.5998469
11.713408,4.4250346775,2.55318564,-0.15259991845,-0.046676733125,0.09135513465,1.220654808,-5.10544826,-0.4816303543,-3.178183413,5.069922965,3.269940758,-74.38715215
11.26367762,8.7686494,4.369296045,-0.0486183192999999,0.09138678285,0.526637846,1.1248391695,-5.17025369,-0.2772945437,-3.641319755,6.41614518,3.085816308,-64.837483
12.532774325,9.9485544,4.467715325,0.5067212595,0.1118362795,0.6249811785,1.1822446065,-5.341358505,0.4552512825,-4.2368972165,7.018266,2.7539200375,-61.40230135
12.69378175,10.056152385,4.777587,0.65700903155,0.09408327195,0.62338512725,1.1336499575,-5.3737167,3.9616265875,-7.2607436,5.7409391752,1.99902816285,-61.3739858
9.7562332,6.34493747,3.094888905,0.6244540732,0.10651806275,0.51928288458,1.2056504235,-5.46764635,3.93701178,-7.73200738,4.557659499,2.2557726069,-62.3331636
10.50175625,6.415752695,2.528564932,0.450371867,0.00230717755,0.4458980305,1.134679251,-5.39191164,3.701391655,-7.46574361,3.2243581375,0.587633673,-66.6487031
8.77404055,5.97157994,4.1713005,-0.0366420088,0.09730824464,0.472577519,1.241707017,-5.51916274,3.5884406175,-1.4738757995,3.43160112,2.538687294,-68.2027158
9.205463675,-0.16073495685,5.416607895,1.456189511,0.0823347868,0.493725505,1.775632356,-5.10278558,-0.4942048585,-7.672203245,4.534456192,3.7158277855,-55.871569
12.22227015,4.75336984,4.69224272,0.2214476058,0.1001398339,0.3838013635,1.5029428605,-5.02798309,-0.1783344218,0.9209202803,1.29542140923,1.165110227,-74.8281609
11.14034964,6.806470775,4.123269605,1.160383689,0.072980955965,0.54836938433,1.3667282115,-5.25503375,0.546950562825,-5.569435905,4.385306433,2.108788074,-63.08000325
9.79910868,7.0907241,5.381153325,1.45846856685,0.09603527675,0.62476886585,1.309007822,-5.381689025,0.400007434,-7.50103589,5.97434349,3.461480716,-55.5710495
9.169523565,6.11856059,2.96909609,0.8848511315,0.09146991555,0.50754723058,1.1977225365,-5.463228025,3.866081025,-7.673275465,3.8414339965,2.352368311,-61.8852556
9.325321515,6.04585659,2.6287987975,1.5691958135,0.0852570924,0.48412329505,1.1843873925,-5.36306277,3.2873425165,-3.992835781,2.963309915,0.9212164375,-65.67646835
12.349479675,4.4304148975,4.72286085,1.743906175,0.0873801072,0.63919911085,1.5627239435,-5.234324665,0.794150731,-3.216172629,4.68816143,4.0212360365,-59.8124451
3.757942947,0.466068086,3.663206535,-0.035288861,-0.0679098531,-0.1669206165,1.6153315765,-5.407247175,4.0816892,-8.665714015,0.549362915,1.87734783075,-74.42305995
12.309098995,6.972632681,6.435062975,1.26653081,0.10661403135,0.586569945,1.302400045,-5.41860581,4.5588123565,-7.291447485,9.43978287,4.4160829185,-57.79289475
9.70286586,7.881742495,1.9345152308,0.363845603,-0.06029473645,0.3417775199,1.0626226165,-5.34458887,0.2481574145,-7.5251445,3.2271237075,0.7097789071,-63.5520785
11.59944908,9.01410622,2.216943843,0.5124065685,0.104710946,0.5118930828,1.066634603,-5.33969945,4.086743905,-7.69514874,5.3902143324,0.913169426,-63.1188786
10.32595263,7.689926565,-0.0214339494,0.2659639568,-0.021465673175,0.47667047665,1.146109986,-5.10554712,-0.1862339185,-7.61341886,3.4879008825,2.458548718,-60.95479755
10.39914785,7.429665685,-0.58024164175,0.6801273649,0.0069850305,0.521619105,1.1479356235,-5.15818356,3.5214364775,-7.631219425,1.0806937345,2.59762101,-63.82347825
9.548011525,7.36142925,2.1201441265,0.0444992475,0.10257841702,0.3455981217,1.0398317895,-5.327163785,-0.1867924795,-7.88698847,3.065970116,2.2789457943,-65.3208961
10.753282145,7.24345726,7.165932175,0.187907969,0.09300616075,0.4934849745,1.326425818,-5.40095239,3.7379805715,-7.42455484,4.335305025,3.984665653,-58.79478005
