"Air_temperature_base","Soil_temperature_base","VPD_base","SWC_base","Precipation_base","SOC_0_base","SOC_10_base","SOC_30_base","LAI_base","BS_base","PV_base","NPV_base","CI_base"
12.645492575,10.35811541,-1.703509928,-0.37704290097,-1.4781910535,-2.6247519185,-1.972861217,-0.60152144025,4.31225739,1.308349408,-8.53280601,-2.2157148887,-8.103506615
-24.66441245,-22.36745825,-3.042715045,-1.5763840115,0.188122663465,-1.238099262,-0.77377628035,-0.205538962585,-9.490961625,2.077960663,-4.27908226,-1.5193824605,-3.321814605
-19.62988,-22.41019265,-1.9714160795,-0.9274717926,-0.54649578055,-1.35814129925,-0.8783696418,-0.2059053377,-8.66714147,0.550599406,-6.84493576,-1.84195202435,-1.1530728025
14.70706255,11.686013195,3.0341399975,-0.8497980493,-0.243426480885,-1.2978262392,-1.36567559825,-0.194223665,6.3373787825,2.4593013965,-4.92458771,-0.1849143515,-6.25733645
-24.39939425,-23.43785555,-2.324470506,-1.926429358,2.048027418,-1.4703410715,-0.8889371915,-0.2779416046,-9.28912076,0.06608620517,-4.421978245,-0.128132386,-3.587134715
5.16810177,4.2998199205,-2.1396587185,-1.851945091,-0.6259174081,-1.1057916686,-0.800669629605,-0.0316784986,6.667378185,1.92316138,-4.131017765,-0.16934436515,-5.126190795
-18.08118135,-11.91399755,-1.508655318,-1.2558152085,-0.27231009105,-1.165968856,-0.6470833437,-0.21144520705,-8.482798765,1.43336279215,-4.41185803,0.020731224,-3.547485075
-25.0010051,-22.79429565,-3.13726141,-1.3345674895,-1.08712530675,-1.4011150365,-0.81492522655,-0.238991402385,-9.992962675,0.4932330543,-5.958612205,-1.4428140033,-3.216167915
-24.48051595,-23.55161305,-1.1059838283,-1.6773267335,-0.80443414603,-1.454816092,-0.8951223837,-0.354751374,-9.65490099,-1.117584656338,-8.47752606,-1.224546316,-3.25499359
24.2581061,13.358059595,3.28891587955,5.90868693,-0.068353415915,-2.2748099155,-1.5395255235,-0.4054697713,8.7057815,3.325969095,20.3655538,3.7991790835,-0.675989199
-24.84189655,-22.2772461,-2.69124059,-1.6288953835,-0.0594850951,-1.341345978,-0.7970470928,-0.254020871085,-9.58940016,0.23273173435,-4.882066725,-1.77082844675,-3.62909462
24.882501775,14.820222955,3.811984995,6.31923207,0.64055450285,-1.7646336705,-1.113742844,-0.2955935462,12.18851402,-0.2437695495,30.02699685,4.195920339,0.452764725
18.42390572,12.63430989,-1.323156867,4.78258868,-1.065553431,-1.7757805745,-1.1302545395,-0.3112954742,10.787670305,-2.1463003555,24.19515495,3.147000284,0.0438212905
9.738030655,10.347747005,-3.5079062345,3.2097545056,-1.4525214205,-2.0392690255,-1.53639465,-0.5232480287,6.18955799,2.01773240745,13.33620486,3.364951388,-7.918884845
-23.4820469,-21.83505195,-3.127788317,-1.339881844,-0.64494956165,-1.41343861975,-0.722806279425,-0.232177665735,-9.332695395,1.2934273825,-4.676347155,-2.04284221855,-3.643771375
-18.2202275,-15.439270725,0.044287046,-1.11966938075,-0.593766239,-1.486156127,-1.091662635,-0.2829553983,-7.61170343,0.2965782575,-6.252469175,-1.9641491,-1.274526029
28.7345893,9.85380259,0.6262013895,-5.0348926065,-0.505671948,-2.211998975,-1.298078824,-0.3776426376,9.95755806,-2.423830002,16.849089715,1.7304764795,-1.4862433045
4.462169029,4.3570159865,-1.8824552625,0.683529278,0.838844484,-1.1575157035,-0.9233047675,0.00277050600000002,0.560358308,1.0989072887,-4.697518805,-1.07807420665,-5.452424555
-26.3114138,-23.7084167,-3.60004474,-1.2857262675,-0.61254537759,-1.324274586,-0.804187024425,-0.223266025135,-9.65432073,1.805700023,-4.93568078,-0.5170934305,-3.596790995
2.525288427,7.222717075,-1.46363412588,-2.82686533,-0.7222181765,-1.7699154845,-1.2276652939,-0.27819217807,5.261901453,1.0796223794,-6.185560755,-0.3631933125,-5.692724765
-11.693762155,-9.160449535,-2.71195644,0.5340938917,-0.98590439575,-1.14406956,-0.7041026052,0.0344864508,-9.468471215,5.4631899245,-4.13206025,-1.277413092105,-3.8772749
-22.88512235,-24.33968325,-2.841711333,-1.3811889254,-0.02262275985,-1.3127968605,-0.8670540317,-0.242899993,-9.76419032,2.7072418065,-8.917807715,-3.5725462685,-3.229652677
5.0129427835,-2.8800081835,1.59905615,-0.1269363955,-1.7467894235,-1.6901275265,-1.198816203,-0.2755665958,4.169848028725,1.0243840525,-7.32678621,-0.8737303775,-0.8955779565
10.889238825,6.352959675,3.116561617,-2.211549965,-0.942833032,-1.484628234,-1.042615211785,-0.1885157835,4.020208352,4.469246765,-4.49731319,-0.168380473,-6.14466598
28.7179578,12.273036285,-2.61917670275,3.37609093,-0.56068889925,-2.3949282995,-1.366144117,-0.42823405,7.601661425,-2.11396017,18.7996651,2.144310737,-0.7836288975
14.3150713,6.430416725,2.4685118635,-1.55257788725,-1.356898142,-1.9723244469,-1.47014815215,-0.4051204865,5.81614346,2.410699845,-7.01344975,-1.079029750505,-7.240740485
-11.69074852,-8.62061568,-2.647400674,-0.7177494258,-0.9098880335,-1.336936973,-0.82472362735,-0.12629086665,-8.924866345,1.705631558,-4.633850155,-1.390984724675,-3.868611445
-25.74994675,-23.7291399,-3.79718273,-1.6513285955,0.977472633,-1.2464383215,-0.7225087664,-0.2065348516,-9.715347175,2.49981636,-4.546124265,-0.070211518,-3.713788325
21.89230935,13.826294875,2.9227438915,0.3557079375,-1.1268479245,0.2771597855,0.533437533425,-0.4396955157,-9.3384901,-4.77731336,-11.276319705,-1.2983048692,1.920291796
22.29978245,13.53715675,2.4690920185,1.270899769,-0.73250312775,0.274879199,0.36158995515,-0.6003631552,-11.38000545,-6.630943855,-13.440036525,-3.009088738,-0.6885305227
20.6787248,12.702784025,2.224321217,2.975544442,0.21261305065,-0.16773393075,0.2317779177,-0.44010785275,-12.26791915,-6.09607475,-12.805210645,-3.3251976285,-4.381241552
18.759891425,10.83830785,1.4345148545,0.46021147825,0.6535972945,-0.479165167425,0.147073467,-0.553299636925,-15.24473095,-7.46432996,-16.50766335,-5.440232695,-8.586918835
10.55527984,8.44868051,0.7428082022,-0.0053079925,-1.2275291005,0.1622238996,0.4120093054,-0.41549115825,-13.46215155,-7.364075085,-15.11312674,-3.985312688,-8.6977494
5.94725927,0.742502006,0.6338445275,1.9546962778,1.52525047535,0.852150211,0.62668922045,-0.3132495804725,-13.1836004,-1.624140251,-9.715121995,-2.6438426036,-5.752224745
-5.78063512725,-1.0636501895,-0.811389353,2.4502752073,1.26510513875,1.3693605167,0.81647867025,-0.25956980335,-11.912560385,-1.808864406,-9.486618025,-2.4528815075,-4.363753665
4.511690789,9.93067021,-1.3611210333,0.43049969,1.4722387875,0.3041895015,0.59280556395,-0.376910535925,-13.248525525,-3.1327746,-13.018971875,-3.475705485,-6.9661216
15.082148875,10.68550703,1.8717170465,0.4021806685,-0.35522033975,0.0325884495,0.31953275365,-0.4237141261,-13.01332295,-4.7575671,-18.278010625,-4.38976176,-7.467441405
23.6869033,14.1331596,2.6845348505,-2.45232621,0.1824045247,0.4894209031,0.369502524,-0.3642009653,-10.194017915,-4.440038755,-19.0988022,-3.72103663,-0.071657896
21.55745045,14.201886275,2.62718974925,0.18566653875,-1.416304888,0.374538049,0.4283609837,-0.36332784565,-10.348458115,-3.7775591015,-14.860662325,-3.010814485,-0.278479874
22.2994405,14.29518315,2.780906513,0.95950091625,-0.658671612,0.23370202265,0.3142104733,-0.47791917415,-11.01714595,-5.096352935,-14.784279575,-3.15707702,-0.134387113
22.306459475,14.49101055,3.11701453615,1.943777187,-0.998386206835,0.22927699795,0.39887906545,-0.4443407285,-10.126260565,-5.0005838115,-13.6918129,-2.491310708,1.909106856
22.4638103,13.809106225,2.672179105,0.88413313415,1.770501424,0.51662032765,0.416571865,-0.5173980093,-8.53324814,-3.643262858,-12.36262922,-0.9733726235,-0.14607013325
21.38441725,13.2663589,2.49691928925,0.6109145002,-0.90213367515,0.1433806417,0.4515345782285,-0.2988704056,-10.26094033,-5.19673405,-11.15678028,-1.459025274,-4.068254279
-29.8258476,-18.924615775,-3.607375068,0.0267486395,1.458427681,-0.5591016045,-0.2155456905,0.0296101036,-10.56193745,0.92651116,12.96241275,0.40238801185,-3.52982958
-24.2149074,-14.68357855,-3.842254275,-1.41569634255,-0.02252621275,-0.36993359135,-0.13988210885,0.16547275835,-8.896478595,0.61264620505,-4.371364815,-2.3905360075,-3.029114685
16.62286375,6.743406145,-0.4027177525,0.3889881805,-1.1728868172,0.39035726896,0.03227568195,0.35650225085,5.89809518,0.229093737,-5.44636846,0.5168241855,9.429851325
-0.91093874865,7.073800875,-1.00182062035,-1.7163600835,-0.40398421598,0.2508732435,-0.032456974675,0.20149590635,3.3593614901,-3.2154872953,0.465490455,1.0155352085,11.898580985
21.46420375,12.01176626,0.697691594,-2.851680643,-0.6179801437,0.155621928,-0.052125786625,0.18807018145,10.65801818,-0.49024997,18.6801105,2.046220221,10.52912196
20.0732634,10.628473625,1.978623451,-7.401069084,-0.8534772945,0.05364961035,-0.10617976145,0.097220051915,3.365579525,2.8558833385,15.51605067,1.828129157,5.77056883
-6.369036412,6.55006622,-5.187509045,0.0335036165,0.2487109375,0.143504242,-0.04902112785,0.2211703299,2.2386224975,1.5572255932,7.5850778615,2.60694171955,1.2142631245
2.810518238,9.636646845,-4.579652195,-0.7738961155,-1.459905762,0.10641955925,-0.1559409848,0.28954164485,3.16641112125,1.8366735075,-6.34212442,-0.7504691075,-1.4411218137
-20.5502731,-11.17656271,-2.81295355,-1.02846086125,1.05531100285,-0.4858054358,-0.1674687729,0.14005539034,-8.46500498,0.868578343,-4.389925267,-2.231987258,-1.38860975645
-32.7575115,-18.5291686,-5.509580075,0.143707856,-0.939877561,-0.33224330145,-0.15500174923,0.0602962755,-8.463237005,0.62698107,14.182441515,0.0971742695,-3.286853198
-21.7667599,-13.7745771,-4.31842375,-1.2328351295,2.116194055,-0.551669199,-0.20014641845,0.14046920125,-8.438642095,1.2621649705,-4.94424266,-2.39894155,-3.13714735
-20.41884615,-14.06524545,-1.658493677,-1.0491667443,-0.635340674,-0.2819050278,-0.0972099778,0.1735223166,-6.2449051,0.5471183067,-4.643296475,-2.2777858205,-0.84418123285
-16.52999795,-9.85834702,-0.74227749715,-0.8609224619,-0.67622585135,-0.11659429465,-0.02753069515,0.2535576996,-0.769562582,0.67564009506,-4.64884745,-1.8743243345,2.722521052
3.387910953,2.5289755157,-1.847779136,0.10121645175,-0.815154579,0.20019670658,-0.00714940695,0.2924382927,6.326765305,1.5607060475,-4.95570612,-0.5855732648,10.511247925
14.54185141,11.681809985,0.1328157046,-1.156863955,-0.9905862015,0.15960469185,0.0498577503,0.1830914196,9.7627922,-1.13757851368,16.60528995,2.4427676385,10.24468088
15.594939185,10.895687455,-1.40886063525,-3.95457466,-1.26819031155,0.18404593675,0.00239907319999998,0.2138407798,8.869921245,-1.0761325465,15.78747985,1.4933819802,11.542915015
21.05578495,11.360330385,-3.11746267,-2.93417947135,-0.1456203278,0.2682271299,-0.03285985805,0.20489732216,6.42156625,3.522099745,12.12789921,-0.243507259,9.107018125
-4.7015703225,10.35882,-3.4881632385,-5.631145515,1.30017075485,0.1093995485,-0.1344580052,0.1435271441,4.037795096,1.38968189235,7.74636671,0.0490229255000001,0.2258870735
-12.94217005,-1.27862950185,-2.25185381,-3.2892104,-0.69501798953,-0.15521098885,-0.02483481505,0.361199434,-1.987080438,0.74354899481,-3.157205156,-0.63596898815,-0.548914813
-17.2641988,-8.51151018,-1.533788311,-0.9720930795,1.7167404725,-0.497003294,-0.17899635825,0.16561110525,-8.31912901,0.41731874375,-4.334664735,-1.73258430605,-1.325931059
-22.3970879,-13.8218573,-0.3085868595,-0.918737396,1.35383272485,-0.32901233755,-0.18507648985,0.1252193286,-9.404745095,0.1638788783,-4.8222726,-2.4449820251,-2.5853544185
-27.86510585,-22.44450455,-1.95732721785,-1.249091058,0.862727404,-0.5372328843,-0.27706210675,0.1226816648,-3.7179916555,1.5015037145,-4.86177579,-1.939676275025,-3.145332375
-28.37109575,-24.1609955,-3.60812407,-0.86050894475,-0.66231229835,-0.26210342245,-0.06535978525,0.1248295568,-10.418740375,4.2507973095,-4.232299025,-2.1243735085,-2.6511235625
-18.4890756,-13.45291283,-1.8867242455,-1.1085212145,-0.40989880035,-0.213083632,-0.0747436937,0.21342615825,-6.69944398,0.668612939335,-4.703459275,-0.441713883,-0.8186644275
-13.18922577,-11.4361441,0.55091598025,-1.2281556494,-0.8187359933,-0.05972203185,-0.027962666885,0.23457393375,-3.629375612,0.8451735005,-4.901718125,-1.5211052045,2.2808835285
7.01397149,2.79383340575,0.6180753615,-0.29815298,-0.12786064005,0.128915829515,-0.01139153005,0.39105527135,-1.8866818305,-0.73387214575,-4.90832141,-0.7014256407,10.616044195
17.02117513,10.378634445,-0.5728533925,-1.5715934965,-1.530717643,-0.03527561665,-0.456797414,-0.04484712445,3.5200335975,-4.891333665,19.304224075,0.4584755067,6.86683979
19.5402357,11.04005695,4.2416371101,-6.010619787,-0.6557193562,-0.0221234575,-0.3016712755,-0.01480483445,4.46863886,3.99742331,19.05378415,1.537925413,7.9098765
30.8279868,12.274727475,6.654414445,1.32317416725,0.4501991625,0.372150212,-0.1185418185,0.2756047113,13.329766855,5.533571035,-9.48122611,-0.72485050215,11.033655575
-0.46835993485,10.0671451,1.5777215105,-2.14101518585,-0.024159561,0.18838361615,-0.2323116793,0.311610623615,7.236943745,0.92193892625,-5.4877921,-0.5808067332,0.7345910827
-19.89300645,-9.44461741,-2.8957131905,-0.4253371395,-0.574268795,-0.22351586805,-0.0507482905,0.15145992575,4.732618405,0.59591991165,-3.600321045,-1.5255391,-1.0845287675
-18.23100425,-9.829873085,-2.6172821,-0.5413108955,-1.174702201,-0.27438487855,-0.1060603268,0.1809617911,-8.587672745,1.670483876,-4.079442355,-2.2433609157,-1.162659757
-23.42225725,-14.04658403,-3.785417885,-1.6507335955,-0.1752570423,-0.34713848815,-0.12852331995,0.1573394151,-9.254732755,0.318991321515,-4.443705125,-2.0451126145,-2.616675595
-25.3804419,-21.317309225,-3.15967012,-2.766385775,1.6625474918,-0.459710759365,-0.1963794192,0.16004904355,-8.85725244,0.4831543473,-4.194369055,-1.761563741,-2.825122305
-23.9457783,-15.79406885,-3.304764555,-2.9665721175,-0.819449022,-0.32109212095,-0.10365063895,0.15297960085,-9.223891665,1.468511342,-4.43481928,-2.2547843112,-2.673579392
-19.66123865,-14.877851795,-1.9994223653,-3.09489384,-1.1311947565,-0.18523697035,-0.05154070162,0.21470247215,-8.633537,0.7060442041,-4.161536915,0.33391427,-0.8420507928
-12.972567325,-9.016829325,-0.7427576295,-3.30301075,-0.6942194063,-0.000665407585000008,-0.019889898035,0.2449752691,-0.4878891135,0.8755160706,-3.917229955,-1.0806653985,2.5842541165
5.177645007315,-2.644634638,0.3402087385,-3.331126975,0.842932355,0.19555251905,-0.00750056515,0.383557755395,12.927170575,-0.83503273265,-3.711035781,1.493514672,11.53071109
15.568057635,8.01777971,-1.7421401831,-1.1682419225,0.080067387,0.4355271267,0.00691870924999999,0.2426075936,4.647738055,0.4112173935,12.017012855,2.8068448415,11.22201145
17.65260655,12.010329125,1.3642944745,-1.30870375285,-0.00407047189999998,0.50237101865,0.0661795589,0.2961475898,4.696157407,4.210188105,0.5769227685,3.773220068,12.019245735
19.79901465,10.685697895,1.822920685,-7.194717125,0.2106378587,0.189621072762,-0.0601442133,0.116057831596,2.22368886,2.892848418,11.29729739,3.3306995195,7.525541855
8.980369995,11.019083165,2.55167711465,-2.756973049,-1.2009356935,0.2057319746,-0.0548409147,0.2470921961,5.15618011,2.046101072,-1.702013434,0.376052637,1.77386142325
2.711458059,2.6019358295,-2.1332267295,-3.68466391,-1.485944176,0.12161387235,-0.0358597074,0.390625572,-7.901268415,2.5287125355,-4.0622759435,-1.305482112665,-0.5255049751
-20.0359227,-10.934402355,-0.21183050935,-2.263201602,-0.5171357848,-0.2907180238,-0.13094248195,0.14663619595,-8.54459573,0.3632972885,-3.31660998,-1.49797967675,-1.1893119175
-25.2569149,-20.76945545,0.4014104085,-1.986436361,-0.1812225997,-0.31995739605,-0.18684322505,0.116241068795,-6.918914055,0.3580892485,-2.983679892,-1.1517051228,-2.48153003
-25.2641566,-20.9088783,-3.1948785,-1.895380577,-0.25536573875,-0.3878711243,-0.17350872605,0.130114520275,-7.06334662,1.548417309,-4.194804175,-2.05482311602965,-2.86715248
-26.53950915,-22.3306263,-1.736365728,-1.516390641,0.77837201735,-0.38156715715,-0.19494600425,0.13299362325,-8.60646142,0.7721945615,-4.25459906,-1.7369221245,-2.6797748775
-18.89915375,-12.7088906,-2.1443577625,-1.776368149,-0.83147184455,-0.20994723232,-0.04785611512,0.17924143445,-8.454160905,0.432722277,-4.754271115,-0.50506115855,-0.867446862
-12.366964935,-8.14371741,-1.387453284,-2.08642012,-0.8345554,-0.01774165815,-0.014416452845,0.2513850743,-0.26167938565,0.978294153,-3.202589062,-0.72633749625,3.181808415
4.167852847,1.676882785,0.1482314653,-1.947780726,-0.24933933575,0.203821794986,0.00445796465,0.273956897375,7.349989625,1.9519744415,-4.259689652,0.69258463203,11.356333595
20.6726603,12.05186901,1.70842320675,-3.5050272008,0.4864746635,0.342153082575,0.0222980778,0.1720463358,4.94346596,0.01598250387,13.798394315,2.495232312,10.987289975
20.39445785,10.88180211,0.1615414095,-5.82914777,-0.00249239825000004,0.1706112984,-0.062199314935,0.15011443909,4.640974675,3.54023943,16.130433575,2.938282282215,11.50015369
14.79918475,10.86279616,-3.026353474,-4.041777323,-1.1898332625,0.27453265335,0.0691382075,0.25065489735,4.7432176775,2.76188799,10.11603287,0.6759987515,9.93401649500001
16.60489645,11.159294215,-3.146952039,-2.3824778955,0.59320999849,0.2702025003,-0.0477671267,0.303021877715,5.721918495,2.392132885,-5.25462714,-0.5850983505,2.3599869745
2.1008248205,6.78564089,-2.8078393785,-2.990883667,-1.312609919,0.068894958525,-0.11489027155,0.2210300295,5.32224091,1.0187814665,-4.43288801,-0.4514600415,-1.3639193945
-20.449379175,-9.612838525,-3.275747605,-2.6157713665,-0.7217672455,-0.2555045505,-0.102112291,0.161391938075,-7.80000477,1.23782917,-3.772746595,-1.8335259005,-1.12362196135
-23.9787235,-17.5461729,0.23127925325,-1.9535246965,-0.153543806185,-0.36617575885,-0.195236805,0.1272210993,-8.858073275,1.444753286226,-3.907752475,-1.4808559445,-2.5628918315
-28.69429985,-24.3947132,-3.89656318,-1.944667485,0.34623821665,-0.29638589265,-0.103120000315,0.1579884771,-3.0057445905,3.148272676,-4.321193075,-1.1216603421,-2.8108013935
-26.24621405,-22.82548365,-2.75858439,-2.41554953,0.15644291395,-0.28562980385,-0.071791517415,0.15856479505,-9.633042895,3.327315148,-4.245115285,-1.5177377355,-2.3680719125
-24.72679245,-24.54729965,-3.79367609,-2.094504243,0.78498413695,-0.3204185645,-0.108330845165,0.15788734645,-9.494466275,2.008782678,-8.69560678,-3.399351649,-0.8874261652
-15.426447175,-10.04801443,-0.9483422308,-2.18548993,-0.8476198145,-0.1042847575,0.00420226905,0.23279104375,-7.662633665,0.805839816,-4.302304005,0.11441628115,4.277501245
4.15923613,2.42949018765,-1.063542956,-2.620732385,0.6408245925,0.15566068605,-0.0491102723,0.33426299685,8.38412621,1.1810748765,-4.2153249865,-0.0107375124,10.35460459
14.523942625,5.774991395,1.750057171,-1.9842804465,0.44400622165,0.31936678845,-0.02177171475,0.25375755295,5.4653165825,-4.993481765,-1.307869497,0.6230311645,10.268615055
22.95646825,7.683011975,1.7076654405,0.00989383555000004,-1.989364544,-0.1139950435,-0.24316261161,0.111880122,5.220310455,2.85999136,-11.42612173,-0.8022321775,10.21654744
10.58861347,15.218655025,-2.2111735495,3.235226627,1.4564029105,0.272976367,0.029470834615,0.60035087505,-6.95459614,4.81471948,-5.068420305,-1.171630387,12.776649795
19.3989691,11.371991875,-2.4778524187,2.988706456,-0.4794091286,0.184842599,-0.0734972206,0.32501036935,7.16641531,2.2619618445,-8.749230855,-0.981874906,1.9689049897
1.8176378491,9.280279875,-3.849622295,2.101468432,-1.217330898,0.17263387465,-0.07316851405,0.2897949927,3.0712056325,0.8469641199,-6.64001041,-1.590782831915,-1.7818399005
-16.71775088,-6.33789100625,-3.2058348825,0.839946182,-0.1712892555,-0.2349896684,-0.0624517732,0.2734626679,-9.17473039,1.593075435,-3.2799991815,-1.9704156865,-1.12282121825
-22.67234365,-15.069741175,-4.380641945,-0.8344210155,-0.870598195,-0.3497327347,-0.156371063275,0.1623748802,-3.56843236175,0.2259832497,-3.868570345,-2.4838812145,-3.244056805
-20.5436635,-13.651070675,-3.87843673,-1.611535237,1.784681307,-0.56419854135,-0.19691684032,0.1538854908,-8.867973705,-0.00308299265000001,-4.798370435,-2.578757885,-3.323097935
-21.78281955,-14.657450625,-4.111743555,-2.03900781125,0.10358315455,-0.422478292,-0.19434331447,0.15361194825,-7.114967365,-0.1336644515,-4.994491565,-2.570733265,-3.105125228
-21.0918104,-14.447374165,-2.74672455,-1.2459957409,-0.920026818,-0.322697413575,-0.1214874854,0.17042142762,-3.3053368855,0.3475966063,-4.959535355,-2.610027233,-1.08836481641
5.8791885535,2.5578223315,-0.9237138345,1.9261650055,3.31223853635,0.165757525605,-0.16169235915,0.25378895375,7.346950535,0.997739318,-4.439868015,-0.3245563745,2.6600844
13.954520775,8.92860216,-0.83584394225,2.386700005,0.1663789238,0.346052384,0.07086497925,0.434244708015,5.395689495,2.620775867,-5.976289925,-1.012247184,11.728437475
18.0856539,10.957734845,-1.795346962,2.004297357,0.75367661,0.28376570885,-0.02788036105,0.35570198765,5.205704645,0.6094206035,-6.6799081,-0.26286394125,12.085024075
17.242010925,11.58118072,-1.1647617955,2.3902515695,-0.36722252185,0.334771577495,0.0776248601,0.33282775368,3.878117836,2.89491769,-0.4004822485,0.98409844165,13.559906875
15.68884045,11.77094445,-2.6712284015,2.8533379815,0.087925534375,0.3721937282,-0.006935577825,0.3422764452,5.95481167,3.218756315,-1.3925626635,-0.70756241525,10.7166971
4.394366035,11.168565005,-3.2859583,0.835877620433,-0.9141545585,0.09664382475,-0.019824993,0.427214897425,-1.5002243345,1.0853166705,-4.998024655,-1.185811541,2.1960015275
-13.48787683,1.5521122155,-3.23340728,0.06578746325,1.17343513195,-0.05967385315,-0.03159858635,0.3555467385,1.8705585095,0.9294275288,-4.00404097,-1.357747513,-0.4531926625
-21.20023155,-12.450882345,-1.728059801,-1.0263434985,0.10018832385,-0.385793017,-0.16896237415,0.15532762775,-8.664158525,1.9841355345,-4.25075645,-1.827696415,-1.109717274
-26.69114005,-16.9040669,-4.652821855,-1.997343466,0.411383343,-0.4582425475,-0.2319355967,0.13763347375,0.6075787255,1.0647966818,-5.35961029,-2.5180531055,-3.37661472
-21.9078805,-15.602978675,-3.729754015,-1.8157151002,-0.5176855373,-0.371805531235,-0.1323954738,0.16672760045,-6.860955095,1.3957391605,-4.67343706,-2.4964615523,-3.13229313
-20.4608727,-16.3598685,-2.563315123,-1.6662154265,-0.604611376,-0.3119389524,-0.10279993964,0.16148438975,-8.18299726,0.276967981835,-5.021777365,-1.326794454,-2.7207629965
-17.22036305,-10.64143006,-1.342212416,-0.2994680669,-0.645655395,-0.1200868005,-0.021535076255,0.210430403765,5.45326541,0.5975267073,-4.982012055,-2.0066572335,3.65544713
18.768229925,8.587770495,1.6729348505,0.3787791825,-0.58631192455,0.25114137635,0.1362682843,0.50115180325,-8.963662825,1.974433473,-6.70932054,-1.351429551015,12.013626845
13.8022193,11.886188465,-1.5649127265,4.32459404,-1.5012220377,0.1366443937,-0.03290697230005,0.2761785469,6.095237225,-0.0839395945,19.74501125,2.1889398545,10.70535724
17.65021105,11.39683011,-1.9934708335,4.80515617,-0.7752832685,0.15062181785,-0.05223896195,0.2454162337,5.36719265,-0.77475476995,18.55250155,1.9707284435,11.26915173
16.702095,12.238481875,-3.40849978495,4.79730707,-0.6557370639,0.150211323,0.016533962985,0.23064693985,5.665610455,3.10657982,18.27231905,3.18538753785,8.650623465
2.6842366035,9.79988724,-3.46761638,1.86637216565,-0.934737292,0.2187230705,-0.0531685485,0.3184326648,3.683118,0.8821529578,-5.4590746,-1.1445038125,2.359536533
-12.943362185,-0.206287673,-2.470731379,-0.1422075175,-0.649575154315,-0.15432820355,-0.021407912295,0.3639709993,-4.339859442,2.626894977,-3.31097878,-1.1485966702,0.095002049925
-24.41175025,-17.94129515,0.90114620216,-1.271961964585,-0.3569487279,-0.30987881495,-0.155813145415,0.1448841805,-8.41498381,0.5936902795,-4.682817365,-1.72544205,-2.54553608
-27.2132012,-23.69466145,-3.170663095,-1.192026545,-0.52256972875,-0.231883022,-0.0934347625,0.17617467355,-9.543680635,1.6173926551,-4.412481935,-0.2413383995,-2.78807754
-19.4112093,-13.392895325,-1.18382421805,-1.2570424552,-0.3843549335,-0.235043842925,-0.03869714327,0.1967398922,-8.477778275,0.5127712212,-4.379351005,-0.2206938935,-0.839888145
8.894550235,-11.1244914,-1.284863352,0.2896517092,-0.7674543244,0.148405245,-0.00410375495000001,0.23333605135,5.361682147,1.0728836085,-3.894447465,-0.457723422785,3.472678735
9.31011591,-10.069352635,-0.3491295597,1.6406055505,-0.31994916675,0.16850086995,0.076971810175,0.25903506809,9.038050425,-0.413035222,-4.62708965,3.36197886365,12.516670985
19.2337189,-12.55401748,-0.60017714475,3.18961549,-0.6709963675,0.12322468095,0.0755070892,0.186466121425,11.488043565,-1.0482470305,18.3693199,1.9539413075,11.93572589
23.8043895,13.604241435,2.064962047,5.94666363,-0.02066164027,0.20569437025,-0.0617742112,0.20366025095,12.45720342,5.267445355,24.4351171,4.028712731,11.413471855
27.99946705,14.184606225,-0.535068426,7.577179035,-0.076473921,0.1433677428,-0.01523021495,0.13691048803,12.91429508,3.704218365,21.44553985,4.307348491,9.624245865
15.32804345,10.4694796,-3.37933279,3.2220293385,1.0534608338,0.303796027,-0.047557463765,0.28611897675,9.785844135,3.11216972,-1.14423284,0.076668665565,1.577737606
0.179676743,0.8247935835,-2.83706347,1.675728113,-0.9235176065,0.0605225163155,-0.00241205745,0.351419742,2.6146189155,3.2456935015,-3.368987995,-0.68090585893,-0.59208694989
-25.52820845,-23.6975237,-2.50843695,-0.9997964318,1.4507984375,-0.4457924338,-0.19253086255,0.172573074155,-8.48190357,1.0291780225,-4.48218011,0.00131721199999995,-2.7529991795
-19.7610466,-14.02335931,-2.228632029,-0.4907777122,-0.5072060005,-0.2137587628,-0.04472186809,0.17697880685,-7.95999123,1.08394296965,-4.568637015,0.0331773998,-0.69098776455
-5.3567263001,-8.547095325,0.2483998375,1.3166585725,0.3700426919,0.0210356559,-0.00359853189999999,0.29998184085,-2.0432609129,0.8709963947,-4.204013785,-1.748584692,2.97179153
4.240782865,-1.50575236,-1.01440955515,2.9007972505,0.6597201033,0.26133252765,0.03634015015,0.3520566844,9.069396835,-0.35292207105,-3.7379150485,-0.255825294,11.80429918
22.0186722,12.04175861,2.025730195,8.299434465,1.74739151704,0.2854850476,0.02821894888,0.2043103587,10.77796795,-1.6203642145,19.824379925,3.4937854805,11.546174815
31.2489173,12.84019625,4.8042137634,4.0964131265,-0.31007926385,0.04224520635,-0.3357916348,0.01915969505,5.732945635,4.077724385,15.96440798,3.606311123,12.71080711
20.4448497,15.5500785,-1.9075103228,8.38707542,0.728763777647,0.20432479785,0.08929789045,0.3526722076,0.950574619,4.5488473,19.3710376,5.50379224,11.03861667
-0.364682787925,10.593720425,-2.8996752615,6.18870938,-0.1436912924,0.19523269605,-0.084809654505,0.229262744,7.543386655,2.298460635,11.49404173,1.27086266865,1.3096543288
-9.8464868305,0.3481215001,-2.1365359633,2.19409756,0.049179990035,0.0222733934,-0.0092186939,0.345915723665,8.32231485,1.242404204585,-3.922829181,-0.6135337975,-0.50117119245
-20.70003505,-9.975183215,-0.7131146915,0.0104865095,-0.492008397,-0.27230933775,-0.10187929165,0.1514528366,-8.27345513,2.69063348,-3.065748795,-1.4711644458,-0.9554605665
-24.4129132,-22.53062295,0.3587586855,-1.4659949245,-0.17426703435,-0.3433761048,-0.123252800485,0.1484264545,-8.888746715,2.3053230545,-6.624196915,-3.205469117,-2.438575365
-21.698173175,-21.4041727,-2.480018005,-0.9755579806,-0.35308810175,-0.21838001,-0.0901970797,0.1518160056,-8.74172472,1.5352207745,-4.28774041,-0.1824073085,-2.538241857
-17.05042045,-13.733532725,-1.364068053,-0.1374758411,2.759408488,-0.1858757718,-0.077924802235,0.23396984315,-6.252273825,0.682395977,-4.50339661,-0.4296936249,-0.4908743565
8.34915686515,-2.2659750865,2.021106555,1.9403584595,0.3187981905,0.11874978124,-0.089389867,0.2433650074,8.09314754,1.5688263784,-4.85030658,-0.42438334975,2.386783429
17.27694475,7.254307025,2.1135270465,2.9346446785,0.962020983,0.3446956367,0.10499241345,0.469190060225,11.786340225,2.588622688,-6.19265691,-0.50806205,11.614708215
17.634498375,12.35175025,-0.9320680177,4.226260325,0.869674143,0.4145157554,0.0919230074,0.4448549865,8.66894819,3.61279674,-6.862882835,0.60515516775,14.26565145
15.5740745,12.164472015,-1.8944408742,4.382947435,-0.5266412003,0.358473788315,0.09515999725,0.29111655992,6.46467954,3.1972857158,13.01301999,1.653797155,14.642876405
23.39005295,13.5931781,-0.38889839215,8.63677025,0.57873135995,0.4138559957,0.04891703947,0.332269939134,8.576038685,4.82108214,13.326345495,1.7669828588,11.221397725
18.641903,12.031491835,-2.576539825,2.3961301895,0.863111382,0.2768866348,-0.0453534629,0.3354620326675,5.906783675,3.150374295,-6.542140625,-1.61317652975,2.7637484465
2.5860808565,4.8851963095,-2.050104381,1.902698514,1.8677237278,0.17506174235,-0.026164859495,0.3420720423675,7.28019184,1.276048604,-4.665960025,-0.584321926,-0.5974226841
-13.210030405,-9.028591478,-3.00850761,0.8514793535,4.972479165,-0.108422546,-0.1085676208,0.26984471275,-4.964878405,2.1181639655,-3.685231705,-1.66351725875,-0.542803916225
-20.05604535,-13.072718305,-0.3920277405,-0.222869302,2.3922254935,-0.52475130485,-0.20197779665,0.1652446141,-7.53740421,-0.00946515125000001,-4.676743775,-2.018841788,-2.89435796
-22.1246962,-14.12182625,-1.00531831615,-0.459245708925,-0.2127501651,-0.3352444292,-0.131973624,0.1464254585,-7.82694952,0.7967685529,-4.814081545,-1.30386326155,-3.01767392
-26.2964688,-23.67727485,-2.48771054,-0.0736565335,-0.851395639,-0.175060649,-0.0803343649,0.18421861175,-9.79072583,1.4269509356,-4.2139381,-0.55718849255,-2.532754139
-10.71446135,-11.32692282,-1.092902204,1.05030578,2.016511059,0.00870436415000001,-0.05057435075,0.29801565145,-5.673577593,0.7590105235,-4.483735325,-0.22735124,-0.3336710689
-15.4226852,-9.02532846,-0.6569188857,1.243943216,-0.5250500475,-0.12072615525,0.0300994606,0.23394222013,-8.5681465,0.98762572565,-4.39292436,-1.60982987495,4.981462965
16.43097825,7.43802656,0.93275794975,3.5701457905,0.13690891565,0.4074082638,0.09791759605,0.499286165175,8.5598136,3.2126920795,-5.995372535,0.8825983434,12.665161055
20.13345465,15.0206876,-1.6509348355,8.44782112,0.4178970435,0.3835512889,0.1278958847,0.48172513735,-6.1606441503,0.82786336875,17.64620425,4.8362702025,16.22031663
24.70107285,15.6085775,1.4046154965,8.85712776,0.0604258042500001,0.28012465675,0.04777196695,0.350243665296,-0.82912319,4.302619025,19.95320845,6.37675484,14.7874485
28.2203735,14.39935945,3.827567075,7.64061741,1.8258832384,0.3197327058,0.03691643525,0.26077339755,13.063463825,5.82327295,17.681234595,2.008912853,11.085822755
7.543130375,14.560588325,-1.14844422785,3.0838116895,2.0284580665,0.1939928417,-0.12312749715,0.474888671,0.422072206,4.1249580225,-4.167942773,-0.9095383866,2.3996615
8.322974875,0.02771085565,-1.5505208435,1.89789057565,-0.39799437505,0.0126642500155,0.08613821745,0.44268491455,0.2878650885,4.975369445,-3.079644735,-0.22578011805,-0.15293510825
-19.73925725,-10.572802895,-0.4183208054,0.815232169,-0.2366780825,-0.221645338,-0.084761488925,0.16035726225,-8.783209595,2.376354274,-3.691695465,-1.9519647385,-0.8870151297
-14.5293861,-11.217205735,-1.087450481,0.4458931925,-0.036711344,-0.0912984043,-0.001812615325,0.2562118163,-2.87869048625,0.6869548075,-4.758427715,-0.7167244973,3.048636045
8.32211003,-0.448346077,-0.594343201,1.6952134185,-0.11849456525,0.18713987105,0.10822371965,0.39148460315,1.236512447,1.2009095185,-3.902654845,-0.290396118,12.33236
15.8496782,7.82485918,-1.062147132,3.853825515,-0.5309492997,0.3910613076,0.11278835697,0.36519849025,4.789734985,0.2601736173,-1.9662769125,3.1619549525,12.9831873
31.20936565,13.99681391,2.5732260005,5.69176478,0.85331742825,0.0548757704,-0.2295214522,0.115442518066,10.52961812,-0.7438763385,25.19870615,3.837342408,9.686374145
26.4554305,15.565403265,4.323556081,7.927021095,2.8902441165,0.2233817852,0.0630801982,0.1852185135,13.55983137,6.161359105,22.43724585,5.330934385,10.425124015
7.0871621025,9.75850562,-3.03578275,3.010620494,-0.52401024375,0.27841998895,-0.07501568965,0.3159819019,8.834380655,2.22686269,-3.611521372,-1.2338632572,2.28179415065
5.4213942797,10.16612613,-3.526911415,2.087253674,-0.4101541547,0.0568101098,-0.03456229445,0.4430129007,-0.497986593,2.82039546,-4.12002945615,-0.9439059623,-0.6779432827
-20.233779775,-9.648721595,-0.5944618615,0.1761761413,-0.504556182455,-0.2862515168,-0.09999523652,0.1684281061,-8.702941705,2.28134825435,-3.88437532,-1.604195246,-0.9406893545
-23.69767465,-13.20262482,-2.8072589636,-0.0994234975,-0.7344417595,-0.2490808892,-0.1687169047,0.10938092288,8.807017275,1.346040953,-4.146332185,-1.70653743605,-3.4412743
-19.98636265,-13.208388275,-0.768600101,-0.6833770181,-0.5628605265,-0.29894051435,-0.13376349475,0.14746504885,-8.60036982,0.15122913235,-4.828452745,-1.6067095305,-2.812200715
-12.905189525,-11.84091179,-1.4733512328,1.0193138532,4.05135583,-0.0694629811,-0.06633736095,0.28533068865,-1.40491186,2.686890672,-4.2994257,-0.3876140022,-0.416731441
9.65602059,-2.3935636075,-1.0426742475,1.946821921,2.0253884405,0.12405469635,-0.09108312245,0.3687262496,-5.34949305,1.0174635665,-3.701534805,-0.6594629635,3.06087854
4.799855158,2.1737661205,-1.2670015585,3.12993659,-0.7212501573,0.23346295935,0.0332625981,0.2834736593,6.978698025,1.5416287615,-4.407748705,-0.0962250081499999,11.58910123
16.9426699,11.278330495,0.83778770425,6.031485995,0.35088729455,0.457560191825,0.0187215493,0.46072987868,6.054772425,0.500411171,0.38937651355,3.952981732,13.09750242
27.43644005,13.13986294,1.416143972,7.644230975,-0.4238530613,0.1862571637,-0.000639524750000009,0.15882015185,5.39583026,3.71319455,18.8532267,5.112229863,12.86543834
17.66979645,14.16085871,-3.162341767,6.337312445,0.386519048,0.133065378,0.0536611133,0.3273559892,2.459557473,3.97332729,19.8963317,5.677922372,10.41129174
17.55935495,11.984262165,-4.11356023,2.7467335045,-0.0135630287,0.26805445485,-0.02690346648,0.3428015037,4.52373296,2.961353755,-6.466001595,-1.2970201885,3.0981056855
5.185337885,9.89363985,-3.311946405,2.064602886,-1.074206662,0.11951952885,-0.01736771325,0.47206006175,-8.32171184,2.571501249,-5.476102325,-1.6179247865,-0.5294963432
-14.79755238,-8.528985925,0.1260361095,-2.297762715,-0.24246462315,-0.17482248695,-0.076043322915,0.22708513638,-9.53367523,0.67846858375,-3.92320873,-1.36732482575,-0.901302461
-0.875741373,7.951651775,-3.726132395,-1.7426069235,-0.7958460513,-0.0396909902,-0.1528581067,-0.48096581693,8.783339985,-2.315305671,-4.744219435,-0.368620998,-4.776680885
1.9061131675,7.215799485,-2.4545739635,0.82487369935,-0.7232825635,-0.241986438,-0.1441658882,-0.64187669645,-11.58110955,-0.6785222505,-4.312081105,-1.042611115,-6.953863435
-18.000817,-10.51798349,-2.294846155,2.6343119355,-1.97448157215,0.1825779967,0.18657884103,-0.08694177238,-9.760158675,-0.21194531535,-3.943269725,-2.4404710405,-2.90742325
-18.9769117,-15.8265569,-0.949425385,4.571250456,1.3478976683,0.3623603202,0.32559215942,0.0119932947,-8.949137395,0.3190844373,-2.913277385,1.23973229175,-1.80054214375
-13.959709875,-8.258845505,-1.532036511,3.358245848,-0.945819368,0.08062581615,0.163906749505,-0.126433431758,-8.96637003,0.54400573107,-5.002967545,-0.436073621,-2.22499886
-13.422167535,-9.153626625,-2.7905116095,0.8330320095,-0.51224838345,-0.23851389865,0.00844635459,-0.3135071373,-5.80454339,-1.307242699,-3.912365945,-1.54723169255,-3.152864735
2.0284495775,6.114649705,1.303700619,-1.2951895205,-0.26185104275,-0.28829646175,-0.29575918665,-0.4663551322,6.51004894,-3.02010601,-6.873374585,-2.94645143125,-4.75915021
18.40309135,10.207675415,3.527038005,-4.637123232,-1.4970712255,-0.681553696,-0.44369690805,-0.54001310965,9.538432695,-5.588815395,8.1114270115,1.0907598965,-4.196631625
18.1164553,9.23619575,1.454545347,-0.5752458595,-0.6306045016,-0.4383949395,-0.3297997161,-0.5600893337,8.37184977,-0.857526127,-7.286858025,-0.0188651857999999,-5.407385085
10.904119675,9.12504448,-1.124713576,-0.5084412175,0.97107557575,-0.41192462795,-0.411469965325,-0.576274660795,7.90149522,-4.282381985,-5.77559441,2.66579085175,-5.842031655
10.7806352,8.938840415,-3.068942355,0.4147990535,-0.8875344671,-0.44303724125,-0.44431291415,-0.66880640335,8.46376002,-2.7661253695,-5.45532817,-0.184889714585,-6.166773565
2.4292193573,7.669457,-1.921981919,1.1940009175,-0.9859944877,-0.20660196965,-0.0991623755,-0.62838354245,-9.84334587,-1.7361734615,-4.30788803,-1.0539603518,-6.56680834
-18.01061255,-9.55406559,-2.81998466,2.6103105175,-1.9525347715,0.1195035454,0.13127579555,-0.1031114615,-9.89207892,-0.23866059215,-4.218873965,-2.7436354345,-3.0316686965
-20.85532,-21.342217075,-3.228525564,3.1174579315,3.536327362,0.15813658955,0.2803487056,-0.097289005,-10.136293455,-0.4677841105,-8.099589435,-3.4927068,-2.555302543
-12.485630455,-7.741885925,-1.621932674,1.83308631815,0.64340601365,-0.18811602144,0.08868100985,-0.32852776605,-8.43035246,-0.1613013335,-3.942618715,-1.51891767895,-3.012708575
2.2005732995,6.30550697,-1.3237005595,-0.707608753925,-0.0302093989,-0.2726881243,-0.2422615022,-0.5175578574,5.660492245,-2.505912703,-5.94425942,-2.6335870955,-4.57372394
17.6253469,11.32203505,0.4864011685,-0.4740988035,0.3184427262,-0.2808043585,-0.28574921918,-0.50547116245,10.29101758,-3.438955525,-6.579471925,-0.575972373,-3.23702238
25.8095264,12.072201325,5.599374721,3.2671498155,0.188125959,-0.40484041955,-0.3959102437,-0.5850923862,12.42507783,-1.885137453,-6.696427701,-0.8269541958,-5.280345168
2.6611529915,8.777737535,-2.32639291,0.0243036310500001,1.190110217,-0.1154239485,-0.1791752166,-0.382543723035,5.455435775,-0.1942858105,-4.33910917,0.6400951185,-4.522567705
16.4916371,7.7993618,-0.610045134,-0.0250488945000001,-0.5228958377,-0.3484732633,-0.3154365357,-0.58113108495,7.56120964,-4.08193709,-5.718824695,0.574995812,-4.79949405
6.506614865,12.5367214,-2.02130484,0.360749052,-0.157919304,-0.1583329755,-0.16101250965,-0.55847781,0.4172291535,-1.8582847735,-3.850606765,-0.23251014255,-5.585305005
-12.98520941,-6.36141684,-0.8286292175,1.5683546688,-0.570588100505,-0.0486061108,0.05254662415,-0.2082194289,-9.080864565,-0.5733368415,-4.18276702,-2.1068699965,-3.052196975
-19.55619405,-10.9983588,-2.9363057575,1.5721477755,-2.079751872,0.1601951015,0.22520288755,-0.10882873375,-9.052101155,-0.2000841479,-4.045446415,-2.7293022855,-2.6548280105
-14.725833175,-7.477972935,-1.30607962,4.25010624375,1.4184197795,0.28498682875,0.30555461765,-0.0848494671,-7.49920477,0.9761634777,-2.942716895,1.4034561875,-1.9040759556
-13.8817446,-8.312156865,-2.0708777705,3.35049414,0.1622292025,0.1246602586,0.2500290329,-0.1150873427485,-8.115473265,0.21138392705,-3.553496185,0.8836629045,-2.3676092305
-15.4243529,-9.33650467,-1.06060772485,2.440104982,0.5826245875,0.0792566065,0.1818156208,-0.13244704195,-8.485988895,-0.2364419045,-3.649536665,-1.7370534922,-2.713814257
7.255307985,8.61991655,2.8460029817,-1.2313841184,1.57524253555,-0.41626103785,-0.2402786243,-0.538719025125,5.919296435,-3.144351295,-5.1152625,2.314546455,-4.362944215
1.4708302375,9.39365356,2.148100289,-1.28468789,1.5079213526,-0.2365784244,-0.27792566275,-0.3983988638,9.15967669,-1.5685386735,-0.9717914125,0.0740424094999999,-4.586712475
11.58139833,9.096018585,-0.41256056575,-2.030901039,0.3997663358,-0.44687817,-0.3469305529,-0.5411606022,5.70293671,-4.21086156,-0.35358517,-0.26423459625,-4.62097484
18.0139975,10.27124576,3.0363478315,0.2164635639,2.1646152785,-0.3497331938,-0.378956616,-0.48880260385,8.43971949,-2.5370870995,-5.618240325,1.089668663,-4.50765609
17.40660945,9.94366492,0.0779203625,-0.3766446726,1.6959541321,-0.3504255898,-0.306806185025,-0.4645016647,8.895462115,-3.9353242625,-5.721632285,2.7922554855,-4.91883045
5.10994612,11.563816875,-2.221939938,1.26122281845,-0.0903458985,-0.19902727525,-0.26876884945,-0.4892540169,10.780712915,-1.5711820695,-3.3775298305,0.1744760665,-4.128196703
-10.04335755,5.1313346185,-1.90421410385,2.7067834868,0.340914152,-0.164230355375,0.01702967762,-0.5096563999,-4.849211818,-0.94687116005,-3.49033886,-1.21407156045,-4.001759041
-17.44355295,-7.68995948,-1.5632904543,5.25026561,2.7928527112,0.27837232705,0.3884954481,-0.071824913425,-8.178819215,-0.1331497595,-3.12936232,1.38562693485,-2.229687404
-20.91804605,-17.6598362,0.565444602,3.4244433825,1.1134372005,0.36564594375,0.39102761235,0.0086305399,-8.78954291,-0.4827557776,-3.254892735,-0.6482311753,-2.526403
-16.238541,-10.198879395,-1.44412216175,4.4425226612,-0.5664320695,0.26377981975,0.26306753865,-0.01339179035,-8.908821525,0.6892433565,-5.49921737,-0.2115477167,-1.8557475455
-16.110506475,-8.17875965,-1.09960761925,3.800837931,-1.2524736178,0.1595284598,0.246174377735,-0.04445677125,-8.21610558,0.268811598,-5.133409245,-0.8712160695,-2.1987723527
-14.620206225,-5.821228925,-1.1309111255,4.78803643275,5.2432103325,0.3391082255,0.3185855818,-0.04752615185,-7.446773605,1.27057363235,-4.637332,0.33470086585,-2.023456635
-14.26321795,-6.72452828,-1.0560631145,0.81342247055,4.14442775,0.00829087064999999,0.13256688445,-0.111921616,-5.310757085,0.6696539605,-3.55042476,-1.3128459472,-2.7602125505
10.88056132,10.84173035,1.984862237,-1.2129282465,0.88247824875,-0.5181358583,-0.46635093525,-0.5298340276,8.132357635,-3.99248497,-1.5862276565,-0.32569103,-5.73703534
13.823643735,9.842974485,1.8401721835,-4.49849926,-1.11983494055,-0.439803934,-0.37100744587,-0.41273889355,6.42982711,-4.871491725,13.574608245,0.1849130635,-4.03443533
17.6958594,8.53073217,2.476964442,0.4323960283,1.4509230895,-0.3092553989,-0.35094758975,-0.54346491785,9.503356115,-1.6605569332,-5.384365655,0.98555611325,-4.892971435
16.23764925,7.61060229,0.557770768,-0.7207954766,-0.4317763452,-0.44951178995,-0.35771975185,-0.56855115745,6.47167643,-4.59256673,-6.993567145,0.204967585,-5.352287135
3.792847300925,11.127877665,-2.439016692,0.16768006885,0.2582475825,-0.328470303,-0.2260801928,-0.5099451679,10.15596397,-1.4448983169,-4.43066462,0.68438774625,-4.17720144
-10.9839152,10.11724128,-2.2381835,1.8816639796,-0.289248989,-0.2911669604,-0.08882975323,-0.55318963725,-9.021076915,-0.484053139135,-4.53585516,-1.07449268017,-5.09936302
-16.1534802,-6.880421825,-1.974689139,-2.1583510975,-0.200604460835,0.08028263865,0.17578206966,-0.104215665925,-7.829411685,1.00641871475,-3.623447435,0.86066629625,-2.87820732
-18.3475022,-8.50519011,1.8880833449,-2.156257104,0.2897521038,0.22084394905,0.3657879857,0.05695718845,-8.164052695,0.8014346738,-4.00632782,0.426276476525,-2.194437783
-23.01468305,-18.96159505,-0.24863912,-2.421992909,-0.9499220495,0.2226835397,0.2428201936,-0.02648713205,-9.880798575,-0.9328977565,-6.61905836,-1.67159012345,-2.348249551
-23.38434655,-10.39333857,-2.7473231975,-3.980384815,-0.5270813625,-0.1678474535,0.03879749223,-0.1414624465,-9.351244385,-1.886055989,-7.17775136,-2.6745132575,-3.086725983
-18.04084955,-6.836813735,-2.3896961835,-4.2575336,1.8496518165,-0.11783568045,0.0446471396,-0.15296987925,-9.02360984,0.3127327978,-6.515182665,-1.6166861255,-2.83663268
4.0998807925,12.22125271,2.416395317,0.2474672055,0.733066585,-0.27041243405,-0.1680898946135,-0.5684489547,-0.366911868,-2.4297822285,-3.940286435,-0.078516641,-3.141907437
9.15328234,7.66187999,1.691726694,-0.958006778935,-1.4538514071,-0.5145785581,-0.483999963,-0.652552486425,6.821542995,-5.308563355,-7.070336008,-3.00349725,-6.841959265
8.99639154,9.48958316,-0.31679302375,-3.3224322842,-1.5223140728,-0.5394243305,-0.4747573115,-0.47781002575,7.052950705,-5.711605565,11.21428769,0.3168695249,-5.829754295
17.38544875,9.753042475,2.4159694775,-2.216269615,1.7973712607,-0.51175092525,-0.34440662145,-0.55293236,7.7822936,-4.522907225,-7.968796695,0.34016768196,-5.22839835
25.8472525,12.401339345,0.953223738,1.645988807,0.18990555105,-0.363064824,-0.34939993447,-0.52119485985,11.926776705,-4.697857575,-6.872653545,3.0480977325,-5.5136619775
9.797463955,7.547015805,-2.996791269,0.660054443,-0.97141152205,-0.45964537185,-0.3516672878,-0.74722506585,8.25886838,-5.6556842,-5.34209257,-0.190741165,-6.953099145
-11.62782472,13.36230135,-2.0515793315,2.93819272,-0.62752058275,-0.18428346345,0.021364995475,-0.5106093385,-4.73511763,-0.5436301075,-3.379269319,-1.10308723585,-5.12413234
-16.0470024,6.296226143,-2.3265532245,-0.6237075886,0.4334651115,-0.2209680015,0.0503050544,-0.415756663,-9.434228485,1.0776370095,-4.15346511,0.857615818205,-4.027740275
-22.87799115,-11.722268925,-2.797169135,-3.663824452,-0.58463582575,-0.0369649506,0.1638318513,-0.13163546785,-9.31539191,-1.640788232,-4.58272514,-2.2988139789,-3.20774451
-20.80411035,-11.16247683,2.3628099635,-2.907544517,-1.121615083,0.3367458045,0.35441247075,0.01742394335,-8.629101035,-0.661246870785,-4.67252108,-0.2816456106,-2.1692130987
-21.0452058,-8.35155394,-3.0238856875,-3.3901727612,-1.021317169,-0.002019613125,0.09107331613,-0.1176725308,-9.19497145,0.6170776775,-6.39389567,-1.4138897035,-2.823647971
-18.6947366,-8.070492645,-2.323618868,-4.411395475,-1.1005462235,-0.1181232301,-0.04076895205,-0.1978883281,-9.80032738,-1.0685445457,-6.82417469,-1.7409870569,-2.97867229
-9.434737745,11.95051763,-0.23957420935,-3.760286677,0.6773513758,-0.46264800745,-0.155764073345,-0.62550436193,-5.26597703,-1.8348851815,-5.0460414,-0.7578120102,-3.968420205
-1.541604557,10.31946647,-2.56570773,-3.541054675,1.0925907032,-0.3755084207,-0.2463779308,-0.6977277922,0.3621188633,-2.871552858,-4.2631348465,0.0800534925,-4.95382849
14.89114455,9.807438955,2.118300934,-3.1326145365,-1.4441463341,-0.655164896,-0.4614358955,-0.483044269875,8.76160912,-5.81052544,11.2508449313,1.0179662533,-5.087933725
24.5771006,10.380392195,-0.639741382,1.63869023325,0.8038964465,-0.393947714,-0.37865398697,-0.57880088265,9.6018039597,-4.678409675,-7.28793198,1.0307517632,-5.59522248
17.95821195,8.790770915,-0.4810706925,-2.4133372522,1.708044946,-0.40238423805,-0.3319631477,-0.55625240005,10.16966793,-0.1672591565,-5.76480389,1.83528218,-5.52121577
3.928688294,8.596058975,-2.849177209,-0.0660025816999999,-0.58636932745,-0.223814449,-0.292893068335,-0.51321985125,9.89339631,-1.89544926175,-4.62430119,-0.1627711806,-4.405350315
-14.345551065,11.70097515,-2.77250397,-4.21017033,-0.720095686,-0.42934794235,-0.17277130651,-0.5630695427,-9.48456904,-1.5345578815,-4.662469385,-1.1759133671,-5.562173135
-16.60282035,-0.1827947121,-1.953516912,-1.5342885302,0.2466309429,-0.10695487565,0.01731452075,-0.39714051405,-9.06272307,-0.43334863,-4.00437665,0.8408586822,-3.52124754
-23.8848949,-12.09322451,-2.623810997,-0.91496565245,-1.1519378095,0.04149650145,0.159363960985,-0.103519351905,-9.059390765,0.2335704135,-4.99468913,-1.24730338015,-2.8952810503
-20.84622585,-10.437105245,-2.8162404925,-0.705976712,-0.8357090975,-0.1010562008,-0.0255047504,-0.13807616485,-9.930751075,-0.209890802,-7.40658802,-1.3968641965,-3.383455055
-16.328906125,-8.83167103,-2.127048517,-0.40533787895,-0.50220654275,-0.174299042,0.026638834,-0.2066748485075,-9.257395515,-1.1156664475,-6.218774965,-1.1666517735,-3.090112855
3.606505607,7.105447545,1.6364812125,-1.5701260958,0.8624713724,-0.282777421265,-0.2550611355,-0.4211495517,6.67441149,-2.558112625,-5.082204525,1.172351645,-4.043021465
9.131109815,8.05503927,-0.613570013,-0.8431267431,-1.55490844555,-0.3561613425,-0.4137853025,-0.67328309345,6.355110955,-5.031059725,-7.64423707,-2.3339655825,-6.03551325
10.367798355,8.50921933,1.425376544,-1.1621796917615,-0.927041023,-0.53554182015,-0.454081995,-0.67512194595,4.941429098,-6.161984705,-7.993867525,-1.90533629925,-5.420728215
11.2031543,8.87418225,2.3330780675,-0.86155166965,1.2213164387,-0.46600146145,-0.43767747665,-0.663616894235,6.82353126,-4.525349735,-5.97190915,-0.467796038,-5.56249597
19.2874725,9.29100151,-1.9404585303,-1.9911708125,-0.7602726932,-0.536506124,-0.4137970807,-0.65089322425,7.79332817,-5.64896319,-9.640789855,-1.232574091,-6.10940137
11.896637175,8.88080971,-0.4079512495,-0.113423774,-0.451978299,-0.56307743675,-0.42965838165,-0.7066048755,8.639561125,-5.190458325,-6.39189995,1.3785347915,-6.383773875
-9.338660315,11.30377939,-1.919944649,2.372673338,-0.4992735258,-0.23387119325,-0.0510867627,-0.42453997635,-3.8724774633,-0.9115655685,-3.486964555,-0.582659798,-4.338115425
-15.5619097,-8.36024886,-2.916947455,0.8123055675,0.536868439,-0.01103141435,0.01764612345,-0.2181165111,-10.600282305,-0.9573165765,-4.41633955,-2.553698139,-3.23283035
-14.882842175,-6.296104265,0.807569847,-2.04565553,6.3307778225,0.3820322455,0.394572662047,0.0163633669,-6.68851414,2.1874900875,-3.532618685,-1.02565800625,-2.0833542653
-17.30108685,-9.41269274,2.408202097,-1.2714165255,5.338623045,0.56131248895,0.50453399595,0.0817467175,-8.22820719,1.2796189837,-3.379642575,1.0661529835,-1.7551694905
-22.82614045,-21.137709775,-2.3015417785,-2.421503281,-0.4571212824,0.06240023705,0.168592522,-0.0954840318,-9.77138111,0.094436802,-7.934332,-2.1876760095,-2.7140020535
-14.6102716,-2.934315171,-1.6803528505,-4.540610045,0.035730582775,-0.359389608,-0.19394317675,-0.565438145,-10.255735125,-1.720625876,-6.680874295,-1.555029899,-3.06264739
-15.954788225,-1.93786847575,-2.64414151,-3.85006825,-0.7054840775,-0.38447117825,-0.16143745165,-0.58149454175,-10.12698548,-0.8880001193,-4.309859845,-1.307431018,-3.873870802
0.2259352681,9.25483492,1.643063662,-3.93225976,-0.92159804807,-0.46714497205,-0.44437157335,-0.48683956203,6.664516295,-3.377112553,-1.76344608835,-0.268588005,-5.53170012
19.0112007,7.8682817,2.8462813125,-3.0454201135,2.164881057,-0.42960653296,-0.39534724935,-0.5141799937,9.13879724,-4.07967242,1.09048572,2.0705363681,-3.309230215
16.974722925,7.23347703,2.2237811005,-2.861734496,0.141430732,-0.4806868866,-0.39933962025,-0.56741634065,6.78923067,-3.5400213065,-7.733753805,0.9334430595,-5.091757815
23.55131655,9.55760971,-1.539592774115,-1.3885134362,0.177952615,-0.4415093246,-0.44281129665,-0.567031115575,8.771488175,-5.022001595,-8.438386045,1.4396719725,-5.92472165
2.8211893325,8.62337405,-2.553336776,-1.806848774,-0.8223371395,-0.3587308123,-0.3063154373,-0.54752723815,9.22731342,-2.2431054035,-5.75968843,1.450376527,-4.925504035
-13.31977166,7.69609399,-3.11819552,-4.64310622,-0.9621469785,-0.4288089605,-0.165611460013,-0.7411029379,-11.2080696,-1.1137928105,-5.350958165,-1.3106090808,-6.093050545
-15.694357575,-7.339522025,-0.1635383049,-1.793344185,-0.146370196,-0.0492651144,0.11915353145,-0.096316238925,-8.145966995,-1.100775788,-4.595257375,-1.9862269665,-3.22538589
-19.62758925,-8.761571515,0.17940067775,-1.4141208889,4.68356088,0.40840309475,0.46059165255,0.0088914896,-8.695569685,-1.0254987965,-3.97694998,-0.177005495,-2.138751357
-20.6557962,-9.783612395,2.0875936485,-1.4998490525,-0.71290027395,0.22067875365,0.3626139736,-0.034129360275,-8.44485341,-1.08656034125,-4.4413801,-0.4254758505,-2.2745043818585
-23.3314162,-13.80523257,-3.093100155,-2.1730974837,-0.944446659,-0.0207887959,0.1647234224,-0.112786264585,-10.12300992,-1.0686361955,-7.944443485,-2.397842891,-3.057389225
-14.733799525,-8.98042214,-2.296727091,-2.1893661735,-0.877514306,-0.31337948975,-0.03036073915,-0.37300902405,-8.45238329,-1.6162588256,-5.234338895,-0.5925395741,-3.523016815
-12.015166575,2.833555246,-2.1894340795,-1.5214544575,0.492727112735,-0.412216964325,-0.24893365685,-0.6050147073,6.165710595,-2.179024188,-6.58918663,-1.55467304475,-5.18310235
12.68321105,10.47801105,2.568465748,-2.0703066683,-0.80185871866,-0.6766610795,-0.4892413075,-0.6374270143,8.54527998,-4.204726855,-7.602158,-0.89875597685,-4.74636928
22.06866785,9.2240953,3.4912764995,-4.907654296,-1.171832354,-0.768231218,-0.57074376525,-0.7396719904,8.420795625,-5.837411055,-11.032406685,0.3493799963,-6.1236911475
19.01966385,10.01821427,0.924557744,-4.116898312,-1.0337228327,-0.5205485168,-0.408033257603,-0.7074372175,9.516236095,-2.6957669815,-7.855602135,-0.601928609575,-5.745062695
7.288011915,8.765632635,-3.514296525,-3.70701081935,0.3362703885,-0.40167171775,-0.3889755855,-0.670654870575,8.812078995,-2.239469337,-5.74621346,-0.31586305525,-6.234094035
0.9033622815,8.913977015,-3.69068767,-4.07708982,-0.903172335,-0.4554712642,-0.26508354345,-0.80073317875,-11.128350745,-1.3287540395,-5.572675055,-1.345658609225,-7.54884968
-20.89623735,-10.416129975,-3.19313735,-3.705530655,0.00362544239999999,-0.0492339335,0.0694810861,-0.1692863259,-9.595462265,-1.436326276,-4.600178515,-2.479497206,-3.48370145
-19.145297325,-10.50075383,-2.5041706,-2.7549424325,-1.1704156925,0.1886821388,0.2763589133,-0.06481797615,-8.13017822,0.1463398849,-4.2717347,0.57718264735,-2.4095247057
-18.66002135,-9.176635025,-2.3545769465,-3.20159551,-0.9393515376,0.05137402975,0.2147290036,-0.11089682765,-8.59706641,0.8404672309,-5.524382465,0.2372703687,-2.40923564275
-20.407709,-10.00994275,-3.14410828,-3.69558309,-0.89853129375,-0.017541499,0.09699240245,-0.1031617091,-9.691960865,-1.66071931965,-6.915684615,-1.71233084715,-3.0909060365
-15.85616705,-8.94346845,-3.0951714415,-3.85559459,-0.7645584775,-0.23840736195,-0.01186874375,-0.2336085416,-9.75615864,-1.429283144,-5.607164415,-0.7897526885,-2.94546508
-0.2874456235,2.758633266,-1.576911266,-4.47818487,-1.083363257655,-0.3694484075,-0.3083205343,-0.643444489575,4.713689662,-2.5472283665,-4.289119135,-0.1318275435,-4.502046535
-0.430337501,5.83533625,-1.617486958,-3.516703265,-1.435741726,-0.494068951,-0.32229106672,-0.6631935375,4.72761899,-2.80602219,-7.398613465,-2.373784221,-5.347053795
14.82790128,7.58785976,2.4614189315,-2.6169983645,-0.4743170787,-0.7376565022,-0.4794006026,-0.63950783465,8.336438,-5.408734915,-10.183676835,-2.3705127915,-4.379046395
17.4584929,7.48972808,0.15415122375,-1.95494892135,1.309284483,-0.48987336665,-0.351980483365,-0.6229408017,9.07063902,-4.92152814,-7.93236213,-0.3654590305,-5.886456255
9.924831535,6.68549569,-3.3292993105,-4.4949977825,0.11635228515,-0.663994778,-0.5144987966,-0.75962761985,5.80741399,-5.299401025,-7.210684225,0.3073488689,-6.81016927
11.280754825,8.30516914,-3.230772904,-0.750722346,-0.56423622415,-0.44512974165,-0.37964458521,-0.65591778865,5.897237355,-2.179136931,-5.26973434,-0.4297592862,-5.63651923
3.876311487,10.93606633,-3.381360125,-0.2743152422,-0.789849131625,-0.295871212395,-0.183435496,-0.6660231692,-5.297437465,-0.6833373456,-4.486867885,-0.8179776625,-6.57098701
-17.48160815,-2.1538949,-2.94086297,-3.7378093335,0.3759688061,-0.17176972515,-0.02980476926,-0.36085353395,-10.086318025,-1.124946417,-4.31951882,-2.1843663535,-3.54913856
-21.30323275,-10.688833605,-2.179530245,-2.301437683,-0.1026817368,0.13274243355,0.32755100335,-0.08014022905,-9.10031408,0.6143613946,-3.881916465,0.869329308,-2.849007848
-22.92569485,-22.77955015,-3.093013475,2.561818469,-1.4074305714,0.240951332,0.777942865,0.2262171368,-12.188188525,-1.4678649975,-11.79838784,-4.180045205,-2.997657342
-13.688065435,-18.8826255,0.6194338049,-0.6183526697,-0.51613963805,0.2627061889,0.79919899715,0.1871880270035,-10.842056605,-1.6163871335,-11.13672441,-3.4121203535,-3.428567495
14.563291725,8.16774184,2.70117474815,2.1341547155,1.085715008225,0.386556200665,2.0246790145,0.607732274,8.45989283,-3.2068406015,-12.08508837,-2.348967983,-3.1932359915
23.52461795,12.61372573,0.9826321990625,-0.77814001585,-0.749139123,1.501686599,2.597863252,1.45322097415,11.667024625,-2.8859185853,21.0634934,4.1140287305,-2.465938676
38.877591,20.328202,2.2646774685,4.833332211,-0.0648503536,0.9481189746,1.8863089143,0.87007928965,11.135306005,5.633426675,37.8707494,5.62694837,-0.3029697176
41.64216435,23.4100321,2.80450526,-2.523695188,4.22678565,1.096970538,2.107076777,1.16173393575,12.92831427,7.059359905,39.98837765,7.0196374675,-1.2231921824
15.330083,11.753083745,3.5697333285,-0.48372798415,0.79126261095,0.6293427741,2.0078467188,0.64434925515,7.71554066,3.90798176035,-4.463930602,0.373346084,-3.8672935
-14.04099625,-7.36744229,-1.9747769145,-3.1666884145,-0.556122278,0.239379403125,0.7644001135,0.1432182002,-11.27468533,-0.627504984,-9.493699815,-2.7094471785,-3.061243293
-23.9714318,-23.3158098,-2.722792905,-0.0387950755000001,-1.234212474,0.255254679,0.6792578617,0.2257768991,-11.85058275,-1.337733557,-11.63202508,-4.482257195,-3.32878612
-22.956158,-22.55457035,-3.133850355,0.1622142875,-1.858686765,0.3350483935,0.784321868,0.2444596818,-12.0376257,-1.37619226775,-11.65948974,-4.00125575,-2.923388765
-14.27678582,-20.86326505,0.40540659475,-0.0320378258,-0.12826545615,0.24234227575,0.7170643918,0.14331250635,-11.380667075,-1.7964773655,-11.24145823,-3.578727385,-3.475536845
9.035417955,2.2738739,-0.229986614,1.17133813875,-0.80768105015,0.5257187455,1.38422241785,0.2782479195,0.448029342,-1.6710888065,-8.44184588,-2.006929835,-2.4422168575
36.27671615,13.266011195,7.868152787,-2.15596204275,0.6646855885,1.140766599,2.188503411,1.26437587,9.24416915,0.286040907,29.0881338,4.9969372305,-2.3263772785
34.79757835,17.018696475,-1.924352491,3.623810813,0.13290563,0.920909155,1.9599321275,0.83418021615,12.525432085,5.97480758,35.23844795,5.2566290335,-0.058982304
40.6290288,18.670511,3.2057160875,2.958198927,3.74293417,1.04768062275,1.992414869,0.96752411625,13.29215045,6.571497225,40.3205574,6.73501975,-1.292774534
19.18550075,14.949512775,3.607116492515,-1.482043424,-0.409593494485,0.8677797858,1.40922753,0.37506808125,-1.1167933887,4.722581985,-5.507386885,0.33404610765,-4.465734565
-9.208887685,-5.4025844045,0.1404356686,0.06858190865,2.45479279267,0.0209904493,0.78536952975,0.01504261165,-11.5656455,-1.496283175,-9.570913055,-2.6347828515,-3.489637713
-23.42580695,-21.463021925,-2.7109344565,-0.826700796,-1.1084437318,0.2952878244,0.711043833,0.218591431425,-11.56845535,-1.1358591835,-11.31730514,-4.239894585,-3.204524997
-23.8795448,-23.4724528,-2.934787355,-0.77458267695,0.4964200865,0.15518718605,0.677620092,0.2055092446,-12.20815365,-1.363713173,-12.31417546,-4.3124032,-3.316586905
-14.914134215,-21.9964978,0.5797429061,-0.97380939555,-0.0522579254,0.193278274,0.753586376,0.166077406325,-11.48297235,-1.9302809835,-12.043982175,-3.67269224,-3.44602683
10.261175205,-6.98070466,0.98892472687,-0.1122632363,2.050963689,0.24531445625,0.92359560015,0.14930836305,-7.082072855,-1.1844397405,-9.399569965,-2.579478638,-2.7157099025
22.589086,12.223668515,3.528296568,4.8982216935,1.6766469096,1.055207249,2.350888657,1.1543409242,10.622936685,-3.89142072,0.0982940909999997,2.9343145053,-3.325200746
30.58034605,13.907116885,-2.2806794815,4.193180162,-0.2872634165,0.81852528175,1.6863723427,0.7586210292,10.778036905,5.1489338,27.8315999,4.2719667575,-0.5557587285
32.50547035,15.51675481,-1.2320761065,4.80270784,-0.8212104351,0.97971603725,1.8538778535,0.96819037,8.62049427,4.693155195,30.75444525,4.8155578345,-2.058911385
15.1489882,11.972234325,3.4733395925,0.4419170935,0.353525392,0.81056085875,2.2622298725,0.7922439915,8.337805935,3.771041869,-3.082046632,0.38707911125,-3.741033725
-10.96650755,-6.300451865,0.29158027385,2.1542950775,-0.83370803315,0.328496200675,0.9034578385,0.10658367965,-11.68486025,-0.983864407,-8.65424808,-2.2567757935,-2.7170785845
-23.11853855,-22.654868375,-3.20712983,2.602319695,-0.8851494213,0.228404741,0.7692757315,0.2179126083,-12.311167575,-1.1981070395,-11.07322498,-4.12917496,-3.078082073
17.2663843,8.59984775,2.148335377,2.0712494973,1.6285658807,0.809707015,0.109515980495,0.35281289765,8.27501368,-4.3744136,-6.98172236,0.3255423766,-3.052699965
-2.089836225,1.2983371828,-1.703683436,5.71177837,0.63071149515,2.0979200615,0.6373291449,0.4652470874,0.414068785,-0.4589414515,-4.541261425,-0.69830739075,-2.6316959705
-11.0878075,-6.0293094465,-1.424986645,7.183135495,-0.2159599058,2.716343984,0.5429198185,0.25681387815,-4.959338735,-0.547769714,-5.94292991,-0.671295864895,-1.762482241
-15.48171405,-9.447644085,-1.628661773,5.5234403,-0.04179073255,1.8734755385,0.49064708335,0.2438532863,-2.753418799,-0.450216492025,-8.04662975,-1.2424279548,-3.090554886
-13.77545146,-8.946414345,-1.529883945,5.210565215,-0.3011382349,2.0357033665,0.50167525474,0.2289279896,-1.2471808935,-1.0223784942,-7.772046815,-1.159044785,-3.292334637
-11.78376494,-7.91013416,-0.70644289948,4.70782636,0.01908475765,1.8754288397,0.4302033699,0.2572644474,-1.9053863315,-2.21870253395,-9.143744965,-1.3615446315,-3.30149634
9.217737515,9.16097925,0.6064369763,0.506683156,0.4642826045,0.4934041555,0.00816940991499999,0.2111652761,5.6090902575,-5.826845455,-15.35481803,-1.94968818,-4.51794764
20.77137745,9.52229707,1.09303106325,1.828830121,0.86220949985,0.60176911795,0.017561988855,0.3206297245,6.076039745,-6.283069295,-9.852893645,-0.2604774367,-3.873389265
23.6629888,11.828574975,0.30468756,2.9474487175,1.11244643675,0.6403272393,0.126968150225,0.32929887005,7.248088375,-5.299770945,-6.031350505,0.180903027,-1.953014146
24.9721449,13.78568454,3.766716415,1.699623431965,0.768713351,0.687786881725,0.062426843025,0.39253186335,7.18677395,-4.41838471,-5.85296385,0.61097809,-1.059338084
24.6240311,13.64222333,3.9877538325,4.678940138,0.7981070431,0.4383386995,0.066093943825,0.38218733585,7.11784001,-4.442841098,-7.32300062,0.289802168,-0.71615581325
22.69880225,12.90077889,3.57278812,1.363045997,1.2345263,0.3715019197,-0.02657591881,0.37476051635,9.00467225,-5.62855814,-9.9182986,-0.86477568475,-1.4840496725
16.22599375,8.870533855,0.5947865198,1.5840379465,-0.1470973825,0.9082144215,0.15900852187,0.3928821448915,9.92800417,-4.10795042,-6.79048914,0.457119585,-3.491949375
10.29721545,9.11818261,-1.4689340619,0.401519626,0.4385690215,0.79794091515,0.0511046083,0.321776555,4.30603175,-4.66010087,-7.778326615,-0.44465687075,-4.757780945
-8.843558565,0.3313592545,-0.19346567485,8.743407675,1.0602650495,3.24754182,0.70501448338,0.39122539155,1.570355131,0.46601083325,-3.88678112,-0.1872187594,-0.88525156635
-15.558876575,-10.199056145,-1.726083578,3.796721325,-0.86533990975,1.8130637505,0.46232548365,0.2528428533,-2.348017965,-1.85823313335,-8.333476965,-1.5979389506,-3.00385828
-13.73886106,-8.91188839,-2.284510231,4.172966055,-1.7226515865,2.0061421545,0.44978388222,0.24703368425,-5.770151055,-1.81135952931,-8.668023005,-1.592882724,-3.113263212
-9.033410055,-5.626898405,-0.83707593525,5.37354489,-0.7949680498,1.9402217465,0.474291329,0.259182579,-1.64266681,-2.215147183,-9.300047945,-1.6766392825,-3.1376342995
10.8341036,10.41209041,2.7198240307,1.3969798705,-0.346707773,0.5495847283,-0.0013354242,0.2346813055,5.677370305,-5.67946868,-10.936786565,-1.0095953061,-4.281892715
21.8302453,11.26415795,1.3366788562,1.8881167645,0.4067713677,0.4864968495,0.00161874312499997,0.2998809275,6.43353317,-6.52745656,-10.425243085,-0.541318799,-4.389054795
24.66704925,13.30073243,4.4828785765,4.1412516925,1.47538418079,0.4891546,0.09503620358,0.38110478615,9.4090904,-5.807777023,-8.75003178,0.48045955425,-2.144564373
24.7237026,13.61812615,4.4268121825,5.1629848735,1.0685728153,0.5097772975,0.060199338825,0.41169758035,7.36497556,-3.9713586395,-6.860497835,0.1472412625,-1.549340371
23.51400565,13.11294218,3.4304140155,2.2868822018,1.236451999875,0.371035439,0.05138922322,0.34840753185,9.088744045,-5.56838273,-8.29632521,-0.22403274785,-0.9147465895
20.997631825,12.02304135,2.103070936,1.429155349,0.304876067,0.4905997595,0.00676095330000001,0.33461526905,6.069089745,-4.7091279415,-10.856315425,-1.3677943243,-1.82589768875
18.3696366,10.985278185,2.77742249,2.9938303725,0.7074215475,0.8736663155,0.20508060937,0.4237415851,8.41059711,-4.367638115,-8.47215186,0.020154399,-3.764025505
16.11186445,13.32708285,2.646518984,3.810622057,0.282034193,1.196322717,0.20385544095,0.66124837355,-0.120865741,-3.023341623,-6.84108015,-0.5286783123,-3.97140898
-6.934734715,8.532842135,-0.2552277908,8.07807298,0.2578290985,2.664843833,0.61916140155,0.5284419408,0.7460368515,0.3115967413,-5.055936635,-0.583083546,-1.051265691
-13.150054475,-8.221451035,-0.658580979,6.21390584,1.746419789,2.6053171435,0.5531361442,0.2863751453,-0.867404808,0.00733463424999997,-5.724338975,-0.6262737463,-2.734410669
-13.6057064,-8.493552535,-1.069583062,6.94572168,-0.764055529,2.5154089725,0.48175316844,0.2370233436,-1.0780605635,0.036755484,-7.73220366,-1.3300655345,-3.16449994
-10.955168925,-5.909724535,-0.8792307885,6.84763356,0.2162270625,2.31115541365,0.5477236703,0.28712360525,-1.2091886,-1.8539603754,-7.827683585,-1.0756484895,-3.263447415
11.32423659,10.629461695,1.5567285286,0.840351447,-0.3428311465,0.514556528,0.0782096355,0.36403253713,-0.5244204125,-5.41787155,-16.2153815,-2.571814281,-4.19723163
17.44858895,10.391673905,2.9971071396,1.1264484675,-0.199946704,0.52505995,0.13447129015,0.30543182105,8.383349535,-5.678220545,-8.48725582,-0.29915222425,-3.4541135585
23.4383318,11.947073765,3.63379148,1.9719737125,-0.25144613695,0.356839279,0.05265845463,0.32104691535,8.1191101,-5.97368708,-9.30390082,-0.21422392585,-2.29529097524
22.86042645,12.66277248,3.912832759,1.287201393,0.91052527225,0.3377325345,0.04423489303,0.36243856765,7.342708865,-5.3199471,-8.103392245,-0.00935803699999999,-1.7636970885
24.19259165,13.60892322,4.6854596437,3.93183499,1.290870189,0.4929563072,0.06081778213,0.4132813329,9.708380775,-4.2481009515,-7.42907839,0.20824626165,-0.70782805517
22.91789375,13.01990811,3.711729435,2.9342642875,0.9475056915,0.43737572148,-0.00233445631,0.37653592585,9.046945055,-5.421646535,-9.6172435,-0.706053867,-1.429713301
21.3495102,10.83375243,2.6415165775,3.001113695,0.0399014045,0.658149438,0.0633853179,0.4435988998915,10.338252585,-4.6630893075,-9.559743465,-0.28512010665,-4.464464065
3.88765429,10.362496235,2.3642526285,3.674493167,0.846677015,1.2022017685,0.4195143916,0.3712748072,5.5153740935,-0.99703449988,-5.53986107,-0.2733303117,-2.982612725
-16.377962975,-9.87912973,-1.2449271159,6.990731685,-0.818339369545,2.4552144225,0.521614888,0.21245368705,-4.8909212645,0.435062604,-7.245346765,-1.7721169758,-1.8368180305
-14.334867575,-9.389616755,-1.6075287485,5.778780465,-0.90955494325,2.08523957,0.54771988861,0.25031882235,-4.995873515,-0.53700239425,-7.8006739,-1.437370141,-2.975790565
-14.922493575,-9.25586643,-1.404832954,4.61407604,0.9018847355,1.7962810355,0.4603660093,0.2316169564,-1.001958124,-1.454125668,-8.223696535,-1.23062874925,-3.507300525
-10.856260315,-6.40938265,-0.8887331435,6.190799275,0.1594901605,2.1979048445,0.5067834033,0.28994116845,-0.8928517703,-1.89540198845,-7.85145089,-1.0219849515,-3.275666135
5.630573365,6.136045175,0.7925607643,3.1951648525,0.2106499344,1.295233694215,0.39780091085,0.46343246695,-4.47235593,-2.2568882973,-9.113979035,-1.5883893615,-2.941693603
17.87742145,8.578713,1.6204219853,0.7450917695,0.7231869145,0.5126928925,-0.02113903334,0.2819522798,5.457357115,-5.732785015,-7.91406643,-0.729500614,-3.707039535
22.2223481,11.41579325,3.6980714145,0.8539612803,0.49375149565,0.26499429165,-0.00250941617,0.30980774065,8.39502178,-6.435333915,-10.121588785,-0.420900454,-2.453488969
21.765637,11.910560585,-0.8253689925,1.5881201435,0.2448067118,0.599497595,0.05811908193,0.36835220885,9.050642805,-5.15059112,-5.671228285,-0.798245365,-1.8549866905
23.829571775,13.116263125,4.2388567015,2.6419508005,1.3268735495,0.385902382,0.028629947265,0.3313141547,7.535848675,-5.12102199,-7.981604495,-0.057169907765,-0.9349654376
23.17365195,13.24422512,1.704680344,2.032604855,1.2147632174,0.64400416978,0.06329081804,0.43919052385,9.08890727,-4.143050813,-7.9465598,-0.5588764875,-1.234809979
21.7342241,10.59164321,1.28097152645,1.301941195,-0.0506442225,0.489821644,0.03647766665,0.3530006543915,9.632440445,-5.922614375,-10.35717164,-0.3942283325,-4.736781165
3.0928917555,10.99306105,0.9924927711,2.43483541255,-1.187927953,1.051324637,0.28688528145,0.3383682585,5.802229225,-2.136219797,-5.678789085,-0.25600014755,-3.689292385
-9.19135408,1.6576620825,-1.433642171,7.09291745,0.1498480305,2.949961986,0.618469157,0.3871624551,0.81341659465,-0.00587226965000001,-4.97130064,-0.3734647555,-1.01556804495
39.15871925,18.43452405,1.87422849835,-2.265008124,3.22737067955,0.4080389933,-0.01172522465,0.185756903365,11.743025425,5.106382518,32.18379185,5.208668108,11.275962415
-2.3753803515,11.463057635,-4.7708962,-3.942218487,0.62430004525,-0.4399862035,-0.4196462886,0.04888631425,4.499699113,3.98892061,4.9416169265,-1.318457946,-0.35414072859
-18.35337405,-10.61648603,-1.888332565,-0.2269509365,-0.0929620383,-1.1703468465,-0.56469485685,-0.09940381145,-9.160523585,1.092588697,-4.20142199,-1.46037547815,-1.542906388
-20.24619805,-13.321441585,-3.26825241,-1.131082143,-1.768120721,-1.20826842,-0.7738088871,-0.2177650127,-8.2551522,0.0923154006,-4.691053235,-2.3171537955,-1.4974289335
-22.6025614,-23.3665209,-2.464444265,-2.226549455,1.704358086,-1.3334676964,-0.8039165675,-0.23573221535,-8.94841469,-2.006453468025,-8.40079556,-2.26385299,-0.82053743
-17.04045175,-5.324246187,-1.265525584,-4.124763833,1.71931889215,-1.1531435122,-0.63708636322,0.0392168444,-4.264963985,-1.545423184,-7.4324892,-2.04923739405,1.3946843995
21.8502929,12.15903774,2.6621221135,-4.5579848728,-0.253638256,0.3141029634,0.0405313235,0.23482916635,5.028833475,4.145537325,26.88835545,3.1810718945,8.98829973
29.11063975,15.3469572,7.821810977,-4.13090152,-0.789142325,0.2397867688,-0.0371798878,0.3025077699,7.21103158,2.5986384,21.9208767,-0.23985142985,9.44414938
20.881142325,12.867729245,0.9742574175,-6.59177479,-0.5948670535,0.0656598775,-0.26474519915,0.182807027615,6.27657826,5.013014765,22.9511081,2.072448949,7.347062665
11.49586307,10.882284185,-3.38340811,-5.70460152,-0.2300542777,-0.2066405764,-0.21143496475,0.163016826125,7.314651435,2.91207522,22.235422675,2.18452741,0.6111209097
-20.79886775,-12.608328975,-2.9214132835,-3.3802927165,-0.47777180505,-0.7414829095,-0.3986414254,-0.02716183204,-7.93333139,4.795547604,-3.85219422,0.2742058415,-1.4322854825
-26.6269532,-24.44208375,-3.487485695,-2.56839407,0.8611709348,-0.90675321825,-0.6109012219,-0.13525245275,-10.661740295,0.262571022,-3.990304095,-0.1017360637,-1.244676964
-25.5484067,-24.50946295,-2.629862095,1.0242276325,0.1615587882,-1.1246459725,-0.6344149025,-0.2309938799,-11.148446415,1.963975757,-10.273764095,-3.88840105,-3.394163035
-24.2533537,-22.8859172,-2.912233043,-3.049851102,-1.246800879,-1.298561388,-0.8106607782,-0.1806519741,-9.80380593,-1.5084322535,-8.892360195,-2.742310793,-0.62111381065
4.58890715,2.5112110435,-0.9857363335,-3.2571652875,-2.042722385,-1.0624872505,-0.6293650522,0.1218329259,-4.1899173285,-2.0145096955,-9.294471355,-2.175743489,1.7502135893
10.74810787,10.311305465,-9.7429874355,-4.6664775315,-0.8333332795,-0.2200871555,-0.15449008375,0.08676132634,4.2954043925,3.292631605,18.2771901,2.2214299025,7.993438485
32.1668196,7.0747990515,-1.192920694,-3.45227626,-1.2285885665,0.15825481765,-0.1766798657,0.1127165303,6.99382019,2.8133952575,17.09316375,-1.9152125055,8.248226965
33.96308625,16.68593414,-7.030097213,-1.487550338,1.7784145045,0.12506170255,-0.16872607705,0.20049301245,10.89464201,4.858762071,18.32217522,-0.587703554,10.01256009
-7.268502195,9.21197408,1.3924143435,-7.1751342585,-1.9167427075,-0.3416768433,-0.3947923318,0.05546363665,4.4756223162,2.526437528,13.40341405,1.2523912535,-0.1847406785
-19.85944105,-11.463372315,-2.43900413065,-0.172043392,-1.20702731325,-1.098165726,-0.68386857075,0.0214797376,-5.740510985,5.4429816996,-3.88111745,-0.8836348953,-1.3809326195
-23.3355534,-19.081443225,-1.4305963729,5.03247292,0.979533341,-0.9747887693,-0.6758817217,-0.12549385205,-7.6948696,1.4717905955,-2.906990865,0.45704272,-1.3298821795
-20.21178215,-13.72390901,-1.9125629825,-1.6215061125,-0.83486125575,-1.06843179925,-0.71336331375,-0.1370946774,-6.564541415,-1.169995982,-6.54679384,-1.6550314355,-0.43884652515
-11.269798635,-2.93323982135,-1.421335737,-4.2249899885,-1.332426366,-0.939754430025,-0.6000754065,0.007588672625,-2.942428677,0.768899316,-4.64458441,-0.75845953,2.435331004
11.93913126,11.978260745,1.341046469,-4.0337040265,0.4104097062,0.28083560875,-0.03539220495,0.216469965875,6.24465005,0.230424061,23.0252594,1.495727008,9.670675955
20.292969525,11.17885437,1.46532098,-7.33233213,-0.2239789123,0.122569503,-0.1273354887,0.1360948773,12.434094155,3.648505015,20.0571205,3.8303238645,9.446828775
11.302902595,10.42370878,-1.821085069,-6.01490994,-0.150180952,-0.0901293415,-0.08863172625,0.12117592175,4.973182505,3.049103275,15.59581985,-0.96530019,8.64255232
18.852506025,11.9349566,2.164388326,-6.588829306,1.1420205744,-0.0463153265,-0.302464323,0.09559667305,6.128160309,3.396898095,23.268316,3.2624659705,0.50578871945
-16.004686915,-3.22235318,-1.794957931,1.22360222275,-0.29897884515,-0.6314743325,-0.1941140691,0.17597217341,-9.300326855,6.6154392665,-2.2563522875,-1.2566260108,-1.0689667692
-24.98061765,-15.79178773,-2.3671688025,1.68796538315,-1.67082039565,-1.1671852045,-0.8333238616,-0.1728581505,-6.44913747,0.2277160805,-4.00970906,-1.5343307948,-1.5711476275
-19.85626055,-11.885489,0.3838343445,-3.02019647,-1.1396194295,-0.908128713,-0.75155955025,-0.120867648575,-1.40783726211,0.7219167581,-6.765858755,-2.1124143715,-0.6703867206
5.633630135,-3.382226694,-0.35137850035,-1.9196514485,0.9081337305,-0.62304412975,-0.48453702525,0.1677860751,-2.151093887,0.913465078,-5.42544217,-0.64485382015,2.124970485
36.182052,11.481771265,-0.2200275899,-3.52416388,0.087679437735,0.1866189643,-0.10716513,0.20147441413,12.612551505,5.764372095,28.52939655,1.244987983,10.632949355
31.347102,16.22719417,13.420909155,-2.6046868126,1.1403738575,0.4474564133,0.0684987306,0.24061003935,10.83552577,3.351602199,25.2124531,1.605990728,10.63831978
24.88993465,6.4840221205,-0.5634864555,-5.083180458,-1.1972671825,0.2171379699,-0.1086771212,0.2108193364,13.17147334,2.975036685,24.33323135,2.9088152935,8.426751825
15.292175165,11.11213778,2.0968786945,-6.5894127735,-0.92729333725,-0.11214395345,-0.24716014615,0.0757658535,6.880446955,3.3184468,18.764767725,1.6717337165,0.35413350712
-14.478024475,7.9200038,-1.6974376625,-0.9166694821,1.1827688423,-0.1586948699,-0.09875000025,0.2940254059,-4.031334525,6.9794581705,-2.98180552,-0.17264961475,-0.84197162625
-25.33951995,-13.618354355,-2.243649471,-2.79022153,-1.014119099,-1.151489254,-0.72566098345,-0.20047506836,-9.33223459,0.26212600435,-3.92774492,0.22769469625,-1.772332334
-14.873607825,-11.589276595,0.00933234394999998,-1.7031724029,-0.00159954199999999,-0.9630145952,-0.6721623775,-0.026787908,-6.91743777,-1.8801840385,-7.003914985,-1.76829739365,0.0837094485
4.692852715,9.298845775,1.4530908145,-3.5893451485,-1.5654877547,-0.2820577585,-0.10809288595,0.28321290115,-2.945965507,-1.112974191,-4.612959165,-0.535332158,3.4352348855
18.42329115,10.90388709,6.0525208565,-4.556357975,-0.7628309003,0.367364912,-0.0751237258,0.28455718635,12.878632675,-0.816740634,27.9580157,3.0045081325,8.2710692
36.9610324,19.88796325,12.17788486,0.4690998265,-0.558645589,0.637646053,0.2675126367,0.3733505402,10.02048185,7.236080805,38.51274135,5.527856865,12.27255385
24.88582105,19.118278755,-0.3065069025,-5.5885753115,0.1005551694,0.0734930705,-0.09131701285,0.166578380785,7.99778241,4.6657398385,28.00754895,2.9649025899,9.3258846
-4.85909582,11.437692275,-3.2723239425,-4.517745465,-0.112543027585,-0.26359665524,-0.32986995675,0.04311700276,3.056595765,1.689728299,9.806014395,2.5747414705,-0.7592488323
-20.03510575,-12.38526325,-2.1471179285,-1.828198541,-0.670050404686,-0.870758977,-0.39380228535,0.02531299055,-9.50110312,4.5164157885,-4.071119135,-0.7945272772,-1.324052315
-25.9461959,-22.03388745,-3.54810522,-1.885203612,-1.1570933715,-1.17209856775,-0.70057709385,-0.1239447374,-9.961636925,0.49932963865,-3.946476415,-0.9404856755,-1.5244392085
-17.5303071,-11.09677838,0.26371989775,-1.8449059015,5.1779109,-0.55644278475,-0.4191105865,0.03088313545,-8.822764215,-1.054917714,-5.967349835,-1.3624007883,0.5418666025
13.489331935,13.6852555,2.9931828575,-1.5610669442,1.2985776575,0.7957165485,0.1702468905,0.645641267065,7.120286555,2.6321058985,-2.90350161,2.0877430375,6.055712605
34.92679439,12.623048045,16.476874337,-3.657846102,0.3664124215,0.7716087038,0.3400296829,0.320504678,16.2696582,7.405615715,37.0368765,12.21931202,12.260244715
51.27039785,28.4458117,19.806532926,6.93105242,2.4390164995,0.99453739135,0.3501281932,0.41212155585,13.545425455,9.05161231,45.1363892,15.2717022,14.724190505
42.30639055,26.768176975,14.235242905,6.580526001,3.912848685,1.291864064,0.3727308645,0.5174087213,16.294986185,9.910110425,40.44002375,7.84309696,13.580082885
23.52973975,16.44293415,5.837723895,7.826116045,1.719760118,1.402068178765,0.5805995947,0.7404030201,8.280158088,16.769314775,0.7051687085,2.4742026,4.270372589
5.706690705,13.20809905,-0.4208841231,1.6771755165,4.827585838475,0.5421988335,0.2015281965,0.5382331385,-2.967269484,4.7253332855,-2.8812685555,1.23760121665,0.164203287
-25.92686595,-21.66287235,-2.6792589574,0.5900535301,1.6154418565,-0.84129131213,-0.51142967905,-0.056704122,-10.434199955,0.60747172455,-3.54897527,0.2598452496,-1.194217764
-20.72935885,-23.24463295,-2.405153676,-2.955839495,-0.792785146,-1.313394564,-0.7791152594,-0.20071583735,-7.44237042,-1.552723315,-8.574900655,-3.1377071075,-0.74185169815
-15.50197485,-4.9473466637,-0.961425173745,-5.194497645,-1.5441781775,-1.288330569425,-0.8214764849,-0.07824920495,-4.5780820335,-1.8953178375,-7.633907965,-2.4176267863,1.0815634373
12.916016425,7.87664296,-3.643184547,-4.535561388,-1.0019597949,-0.51925583393,-0.578590472,0.2156644752,3.692470276,-2.7147659595,-25.71451657,-4.18265715,5.318455555
22.915760715,3.893523926,-12.23373852,-7.95205698,-3.0450465675,-0.3327365392,-0.27869068275,0.08239012675,1.4698455775,0.772971,9.8937937,-4.1123841345,5.803949515
9.30509976,0.568525774,-12.4533122025,-11.152680461,-4.67876159365,-0.503440442275,-0.5023454587,0.11415982995,0.8567629597,0.969029948,11.138210645,-1.617935425,3.769947859
-7.1678670625,7.483289765,-4.19626525,-7.52848723,-2.7936517595,-0.9953102875,-0.8501912665,-0.17141055215,2.3795236705,2.1034759605,-5.446806865,-1.5883972075,-0.788802255
-18.0452884,-6.30987244,-2.810083405,-1.0020276935,-1.17077047895,-1.2550110383,-0.66737330165,-0.0195293586,-9.30947239,2.057802928,-4.20504049,-0.9899992385,-1.2897437785
-25.99600405,-14.39836644,-2.985769855,0.3433595375,-2.20045511,-1.5306996943,-0.88839549325,-0.21508950775,-9.70216151,0.19768941255,-4.57949917,-0.257656145905,-1.71085835265
-20.7735243,16.611014125,-2.1558055845,0.255779093,-1.1793436335,-0.51945444125,-0.3695728599,0.14367826575,-2.5090195925,-1.288734468,-7.843310605,-1.5166626165,-0.52903705125
17.52925755,13.274388925,-0.366645861,4.92604786,-0.20706161905,0.275537164,0.14476737465,0.5217186875,6.324219375,-0.1073295258,-4.770895548,4.65547862495,6.41959276
37.67361405,15.9664017,9.420028715,3.08772575,2.618786747,0.78859693625,0.2972936525,0.2415116727,15.1383498,6.62997358,39.61334795,5.6168333875,11.47471743
30.33820175,13.22713959,6.6076573275,-3.971997145,-0.9291516115,0.4624260955,0.0639637248,0.288744348125,9.782221595,1.79187070325,29.28829545,2.7646473947,9.000632055
41.36384595,19.183499225,-7.515975819,-5.2131725,3.53003995,0.0837601303,-0.0339747223,0.18629159675,8.773409035,6.16617158,28.90250645,5.738462109,8.81316178
3.849708282,14.85704232,4.86092469,-1.3829406075,2.47494990375,0.5344496775,0.115143117,0.325844281,6.4081132185,7.129868641,1.3948627066,-0.429317404,1.1064591465
-17.9659734,-6.399665762,-0.987004791,-1.5308051855,-0.3755524394,-0.6738939665,-0.31484884755,0.01037396835,-8.36379724,0.9046553895,-4.255340985,0.1250084882,-1.1029971415
-25.2081241,-9.83721466,-2.989186945,-1.065201425375,-0.9955065938,-0.90486757705,-0.4637795855,-0.08226409113,-9.620494425,0.48231117615,-5.061870115,-0.1628238355,-1.343889271
4.87855585,9.44474646,1.09174041733,1.433143126,-0.087064128,-0.3957759185,-0.263512102242,0.2506207679,-3.453059353,-1.3825568325,-8.256507445,-0.7160569223,3.363279245
20.7221836,8.46474831,1.8574045448,7.331738505,-0.6448630747,0.16499924935,-0.000180014449999993,0.15435689233,11.163152695,-1.3814811315,27.96309785,2.3806367815,9.973674785
36.3132378,13.9313353,0.6794935785,3.364927693,0.4371637382,0.540197058185,-0.0525881565,0.14104058015,13.51282932,6.368167675,34.65416895,9.4796780215,11.77331024
37.8021502,14.80653642,2.112666391,0.186582235,1.09152836425,0.58275883015,0.1009373875,0.22114593976,9.5866159265,6.034902915,34.82419035,5.4750091165,9.805540545
17.33594167,11.410826,2.7446966448,5.652297598,2.6738902706,0.3322993984,-0.1095630862,0.18604777472,6.274371264,7.4212555,23.17555085,5.1475337935,1.7356192125
-16.13081963,-2.2990320642,-1.379918565,1.046242565,1.4744742435,-0.3541077158,0.01652400325,0.336888149935,-8.208040985,6.818033349,-3.455775015,0.047625879,-0.9116322165
-26.2351152,-21.8465828,-2.58896774,-0.4207095828,-1.1960906935,-1.1473012591,-0.58450977175,-0.14138938898,-9.513150355,0.34995442845,-5.62450142,-0.7755302737,-1.4545336915
8.17812836,-3.0793629335,0.1657900205,1.642249856,-1.0794263085,-0.7400114189,-0.5952584985,0.07836112895,-1.0970768931,-1.38182485385,-9.133633275,-1.947852819,2.281288001
22.63056325,13.578288025,2.4779057405,8.41235236,0.2094536916,0.14974085795,-0.07558099345,0.1739272257,7.30649993,4.249141745,26.63834255,2.214384418,9.751516725
25.3314451,14.16776827,3.0113602586,6.3029165765,0.1357991595,0.2667987075,-0.09229037235,0.143099630325,13.056344075,4.743886455,25.60181085,8.381569812,10.58724298
17.392551085,7.09148511,-0.645085426,-5.78766952,0.066610535,0.104205032,-0.17178696465,0.1851686075,5.243780665,3.0875195505,19.21987535,0.765950721,6.908017915
0.575277295,12.474148925,-1.90933581925,5.31924171,0.3530969065,0.3217931006,-0.1447858647,0.1700772258,3.624225732,5.716888961,9.125730825,-1.1714874995,0.43797389845
-17.5347532,-9.35849344,-1.18118455885,0.7526853085,-0.77474835875,-0.7445838135,-0.4080952297,-0.015322425435,-8.38421019,0.63602885495,-4.65819111,-0.1555385655,-1.24424016
-26.801878075,-22.7516903,-2.89952555,0.0083641709999999,-0.51985493355,-1.1176904385,-0.57770932905,-0.1203651938,-9.729352105,0.4006920331,-4.624368575,-0.77593755575,-1.5209781525
